Workbook

Sheet README
A1: Group | B1: Tab / Surface | C1: What it does | D1: Edit Rule | E1: Link
A2: READ | B2: README | C2: Start here. This tab explains the workbook structure, the tab colors, and the role of each working surface. | D2: Do not edit manually.
A3: READ | B3: Blue tabs | C3: Reference and orientation tabs that explain the system or link out to other surfaces. | D3: Read only.
A4: INTERACTIVE | B4: Green tabs | C4: Editorial tabs where humans can review, plan, or stage changes. | D4: Edit only the intended working cells.
A5: DATA | B5: Orange tabs | C5: Generated tabs fed by toolkit exports, bundle state, or procedural snapshots. | D5: Do not edit manually. Regenerate from the toolkit.
A7: INTERACTIVE | B7: All Progressions | C7: Main editorial review view for level order, screenshots, feedback, and playtest notes. | D7: Edit only the review columns such as Need fixes, Feedback, Feedback Owner, and Playtest difficulty.
A8: INTERACTIVE | B8: Mix Planner | C8: Plan and approve Live Ops Mixes before materialization. | D8: Edit proposal, approval, slot, tutorial, and notes fields only.
A9: INTERACTIVE | B9: Level Renames | C9: Stage level renames before applying them locally. | D9: Edit Target Name and Notes, then run the rename action.
A10: DATA | B10: Level Catalog | C10: Canonical level catalog generated from bundle state. | D10: Do not edit manually.
A11: DATA | B11: Level Manager state | C11: Machine-generated sync surface used by toolkit and export flows. | D11: Do not edit manually.
A12: DATA | B12: Procedural learning | C12: Snapshot of approved and rejected procedural feedback for review and reporting. | D12: Do not edit manually.
A14: ACTION | B14: Open Web Toolkit | C14: Open the local toolkit UI. | D14: Runs on the local server. | E14: http://127.0.0.1:8080/
A15: ACTION | B15: Sync Spreadsheet | C15: Rebuild the canonical workbook and payload, then push the live Google Sheet. | D15: Runs on the local server. | E15: http://127.0.0.1:8080/api/action/sync-spreadsheet
A16: ACTION | B16: Regenerate Payload | C16: Rebuild the canonical workbook and payload locally without a live push. | D16: Runs on the local server. | E16: http://127.0.0.1:8080/api/action/generate-payload
A17: ACTION | B17: Apply Level Renames | C17: Apply staged rename rows back to the canonical repo files. | D17: Runs on the local server. | E17: http://127.0.0.1:8080/api/action/apply-level-renames
A18: ACTION | B18: Materialize Mixes | C18: Export approved Live Ops Mixes into bundle output. | D18: Runs on the local server. | E18: http://127.0.0.1:8080/api/action/materialize-mixes
A19: ACTION | B19: Validate All Levels | C19: Run the current all-level validation action. | D19: Runs on the local server. | E19: http://127.0.0.1:8080/api/action/validate-levels
A20: ACTION | B20: Backup Progressions | C20: Create a local progression backup before major changes. | D20: Runs on the local server. | E20: http://127.0.0.1:8080/api/action/backup-progressions
A22: READ | B22: Game URL | C22: Playable build reference. | D22: Reference only. | E22: https://king-ccss-minigame-hungrybears.firebaseapp.com/
A23: READ | B23: Team board | C23: Shared board for wider team context. | D23: Reference only. | E23: https://miro.com/app/board/uXjVJTMkKXk=/
A25: CONSTRAINT | B25: Grid Size Limit | C25: Max board size is 7 rows × 8 cols (56 cells). Levels exceeding this are flagged as OVERSIZED in Level Catalog and Level Manager state. Added 2026-03-28. | D25: Do not create levels larger than 7×8.
A26: TOOL | B26: Level Editor | C26: Web-based level editor (level-editor.html) with enforced 7×8 max grid. Supports pairs, blockers, bear placement, JSON export/import. | D26: Open in browser. Edit and export.

Sheet All Progressions
A1: Position in Progression | B1: Level ID | C1: Name/Title | D1: Progression | E1: Difficulty | F1: Screenshot | G1: Code File | H1: Need tweak | I1: Need fixes | J1: Feedback | K1: Feedback Owner | L1: Playtest difficulty | M1: Notes
A2: 0 | B2: 001 | C2: 00 · tutorial | D2: Progression A | E2: Easy | G2: tutorial_level.json | H2: yes | I2: FALSE | M2: Tutorial slot
A3: 1 | B3: 002 | C3: 01 · progression1 level1 | D3: Progression A | E3: Easy | G3: progression1_level1.json | H3: yes | I3: FALSE
A4: 2 | B4: 003 | C4: 02 · progresion1 level2 | D4: Progression A | E4: Easy | G4: progresion1_level2.json | H4: yes | I4: FALSE
A5: 3 | B5: 004 | C5: 03 · progression1 level3 | D5: Progression A | E5: Medium | G5: progression1_level3.json | H5: yes | I5: FALSE
A6: 4 | B6: 005 | C6: 04 · progression1 level4 | D6: Progression A | E6: Easy | G6: progression1_level4.json | H6: yes | I6: FALSE
A7: 5 | B7: 006 | C7: 05 · progression1 level5 | D7: Progression A | E7: Easy | G7: progression1_level5.json | H7: yes | I7: FALSE
A8: 6 | B8: 007 | C8: 06 · progresion1 level6 | D8: Progression A | E8: Medium | G8: progresion1_level6.json | H8: yes | I8: FALSE
A9: 7 | B9: 008 | C9: 07 · progression1 level7 v2 | D9: Progression A | E9: Hard | G9: progression1_level7_v2.json | H9: yes | I9: FALSE
A10: 8 | B10: 009 | C10: 08 · progression1 level8 | D10: Progression A | E10: Easy | G10: progression1_level8.json | H10: yes | I10: FALSE
A11: 9 | B11: 010 | C11: 09 · progression1 level9 | D11: Progression A | E11: Medium | G11: progression1_level9.json | H11: yes | I11: FALSE
A12: 10 | B12: 011 | C12: 10 · progression1 level10 | D12: Progression A | E12: Hard | G12: progression1_level10.json | H12: yes | I12: FALSE
A13: 0 | B13: 012 | C13: 00 · tutorial | D13: Progression B | E13: Easy | G13: tutorial_level.json | H13: yes | I13: FALSE | M13: Tutorial slot
A14: 1 | B14: 013 | C14: 01 · progresion2 level1 | D14: Progression B | E14: Easy | G14: progresion2_level1.json | H14: yes | I14: FALSE
A15: 2 | B15: 014 | C15: 02 · progresion2 level2 | D15: Progression B | E15: Easy | G15: progresion2_level2.json | H15: yes | I15: FALSE
A16: 3 | B16: 015 | C16: 03 · progresion2 level3 | D16: Progression B | E16: Medium | G16: progresion2_level3.json | H16: yes | I16: FALSE
A17: 4 | B17: 016 | C17: 04 · progresion2 level4 | D17: Progression B | E17: Hard | G17: progresion2_level4.json | H17: yes | I17: FALSE
A18: 5 | B18: 017 | C18: 05 · progresion2 level5 | D18: Progression B | E18: Easy | G18: progresion2_level5.json | H18: yes | I18: FALSE
A19: 6 | B19: 018 | C19: 06 · progresion2 level6 | D19: Progression B | E19: Medium | G19: progresion2_level6.json | H19: yes | I19: FALSE
A20: 7 | B20: 019 | C20: 07 · progresion2 level7 | D20: Progression B | E20: Hard | G20: progresion2_level7.json | H20: yes | I20: FALSE
A21: 8 | B21: 020 | C21: 08 · progresion2 level8 | D21: Progression B | E21: Easy | G21: progresion2_level8.json | H21: yes | I21: FALSE
A22: 9 | B22: 021 | C22: 09 · progresion2 level9 | D22: Progression B | E22: Medium | G22: progresion2_level9.json | H22: yes | I22: FALSE
A23: 10 | B23: 022 | C23: 10 · progresion2 level10 | D23: Progression B | E23: Hard | G23: progresion2_level10.json | H23: yes | I23: FALSE
A24: 0 | B24: 023 | C24: 00 · tutorial | D24: Progression C | E24: Easy | G24: tutorial_level.json | H24: yes | I24: FALSE | M24: Tutorial slot
A25: 1 | B25: 024 | C25: 01 · progression3 level1 v2 | D25: Progression C | E25: Easy | G25: progression3_level1_v2.json | H25: yes | I25: FALSE
A26: 2 | B26: 025 | C26: 02 · progression 3 level 2 v2 | D26: Progression C | E26: Easy | G26: progression_3_level_2_v2.json | H26: yes | I26: FALSE
A27: 3 | B27: 026 | C27: 03 · progression 3 level3 | D27: Progression C | E27: Medium | G27: progression_3_level3.json | H27: yes | I27: FALSE
A28: 4 | B28: 027 | C28: 04 · progression 3 level4 | D28: Progression C | E28: Easy | G28: progression_3_level4.json | H28: yes | I28: FALSE
A29: 5 | B29: 028 | C29: 05 · progression 3 level5 | D29: Progression C | E29: Medium | G29: progression_3_level5.json | H29: yes | I29: FALSE
A30: 6 | B30: 029 | C30: 06 · progression 3 level6 | D30: Progression C | E30: Easy | G30: progression_3_level6.json | H30: yes | I30: FALSE
A31: 7 | B31: 030 | C31: 07 · progression 3 level7 v2 | D31: Progression C | E31: Medium | G31: progression_3_level7_v2.json | H31: yes | I31: FALSE
A32: 8 | B32: 031 | C32: 08 · progression 3 level 8 v2 | D32: Progression C | E32: Easy | G32: progression_3_level_8_v2.json | H32: yes | I32: FALSE
A33: 9 | B33: 032 | C33: 09 · progression 3 level9 v2 | D33: Progression C | E33: Medium | G33: progression_3_level9_v2.json | H33: yes | I33: FALSE
A34: 10 | B34: 033 | C34: 10 · progression 3 level10 v2 | D34: Progression C | E34: Hard | G34: progression_3_level10_v2.json | H34: yes | I34: FALSE
A35: 0 | B35: 034 | C35: 00 · tutorial | D35: Procedural 1 | E35: Easy | G35: tutorial_level.json | H35: yes | I35: FALSE | M35: Tutorial slot
A36: 1 | B36: 035 | C36: 01 · slot2 1 | D36: Procedural 1 | E36: Easy | G36: slot2_1.json | H36: yes | I36: FALSE
A37: 2 | B37: 036 | C37: 02 · slot2 2 | D37: Procedural 1 | E37: Hard | G37: slot2_2.json | H37: yes | I37: FALSE
A38: 3 | B38: 037 | C38: 03 · slot2 3 | D38: Procedural 1 | E38: Hard | G38: slot2_3.json | H38: yes | I38: FALSE
A39: 4 | B39: 038 | C39: 04 · slot2 4 | D39: Procedural 1 | E39: Hard | G39: slot2_4.json | H39: yes | I39: FALSE
A40: 5 | B40: 039 | C40: 05 · procedular reference large 005 | D40: Procedural 1 | E40: Hard | G40: procedular_reference_large_005.json | H40: yes | I40: FALSE
A41: 6 | B41: 040 | C41: 06 · procedular reference large 006 | D41: Procedural 1 | E41: Hard | G41: procedular_reference_large_006.json | H41: yes | I41: FALSE
A42: 7 | B42: 041 | C42: 07 · procedular reference large 007 | D42: Procedural 1 | E42: Hard | G42: procedular_reference_large_007.json | H42: yes | I42: FALSE
A43: 8 | B43: 042 | C43: 08 · procedular reference large 008 | D43: Procedural 1 | E43: Hard | G43: procedular_reference_large_008.json | H43: yes | I43: FALSE
A44: 9 | B44: 043 | C44: 09 · procedular reference large 009 | D44: Procedural 1 | E44: Hard | G44: procedular_reference_large_009.json | H44: yes | I44: FALSE
A45: 10 | B45: 044 | C45: 10 · procedular reference large 010 | D45: Procedural 1 | E45: Hard | G45: procedular_reference_large_010.json | H45: yes | I45: FALSE
A46: 0 | B46: 045 | C46: 00 · tutorial | D46: Procedural 2 | E46: Easy | G46: tutorial_level.json | H46: yes | I46: FALSE | M46: Tutorial slot
A47: 1 | B47: 046 | C47: 01 · procedular reference large 011 | D47: Procedural 2 | E47: Hard | G47: procedular_reference_large_011.json | H47: yes | I47: FALSE
A48: 2 | B48: 047 | C48: 02 · procedular reference large 012 | D48: Procedural 2 | E48: Hard | G48: procedular_reference_large_012.json | H48: yes | I48: FALSE
A49: 3 | B49: 048 | C49: 03 · procedular reference large 013 | D49: Procedural 2 | E49: Hard | G49: procedular_reference_large_013.json | H49: yes | I49: FALSE
A50: 4 | B50: 049 | C50: 04 · procedular reference large 014 | D50: Procedural 2 | E50: Hard | G50: procedular_reference_large_014.json | H50: yes | I50: FALSE
A51: 5 | B51: 050 | C51: 05 · procedular reference large 015 | D51: Procedural 2 | E51: Hard | G51: procedular_reference_large_015.json | H51: yes | I51: FALSE
A52: 6 | B52: 051 | C52: 06 · procedular reference large 016 | D52: Procedural 2 | E52: Hard | G52: procedular_reference_large_016.json | H52: yes | I52: FALSE
A53: 7 | B53: 052 | C53: 07 · procedular reference large 017 | D53: Procedural 2 | E53: Hard | G53: procedular_reference_large_017.json | H53: yes | I53: FALSE
A54: 8 | B54: 053 | C54: 08 · procedular reference large 018 | D54: Procedural 2 | E54: Hard | G54: procedular_reference_large_018.json | H54: yes | I54: FALSE
A55: 9 | B55: 054 | C55: 09 · procedular reference large 019 | D55: Procedural 2 | E55: Hard | G55: procedular_reference_large_019.json | H55: yes | I55: FALSE
A56: 10 | B56: 055 | C56: 10 · procedular reference large 020 | D56: Procedural 2 | E56: Hard | G56: procedular_reference_large_020.json | H56: yes | I56: FALSE
A57: 0 | B57: 056 | C57: 00 · tutorial | D57: Procedural 3 | E57: Easy | G57: tutorial_level.json | H57: yes | I57: FALSE | M57: Tutorial slot
A58: 1 | B58: 057 | C58: 01 · procedular reference large 021 | D58: Procedural 3 | E58: Hard | G58: procedular_reference_large_021.json | H58: yes | I58: FALSE
A59: 2 | B59: 058 | C59: 02 · procedular reference large 022 | D59: Procedural 3 | E59: Hard | G59: procedular_reference_large_022.json | H59: yes | I59: FALSE
A60: 3 | B60: 059 | C60: 03 · procedular reference large 023 | D60: Procedural 3 | E60: Hard | G60: procedular_reference_large_023.json | H60: yes | I60: FALSE
A61: 4 | B61: 060 | C61: 04 · procedular reference large 024 | D61: Procedural 3 | E61: Hard | G61: procedular_reference_large_024.json | H61: yes | I61: FALSE
A62: 5 | B62: 061 | C62: 05 · procedular reference large 025 | D62: Procedural 3 | E62: Hard | G62: procedular_reference_large_025.json | H62: yes | I62: FALSE
A63: 6 | B63: 062 | C63: 06 · procedular reference large 026 | D63: Procedural 3 | E63: Hard | G63: procedular_reference_large_026.json | H63: yes | I63: FALSE
A64: 7 | B64: 063 | C64: 07 · procedular reference large 027 | D64: Procedural 3 | E64: Hard | G64: procedular_reference_large_027.json | H64: yes | I64: FALSE
A65: 8 | B65: 064 | C65: 08 · procedular reference large 028 | D65: Procedural 3 | E65: Hard | G65: procedular_reference_large_028.json | H65: yes | I65: FALSE
A66: 9 | B66: 065 | C66: 09 · procedular reference large 029 | D66: Procedural 3 | E66: Hard | G66: procedular_reference_large_029.json | H66: yes | I66: FALSE
A67: 10 | B67: 066 | C67: 10 · procedular reference large 030 | D67: Procedural 3 | E67: Hard | G67: procedular_reference_large_030.json | H67: yes | I67: FALSE
A68: 0 | B68: 067 | C68: 00 · tutorial | D68: Procedural 4 | E68: Easy | G68: tutorial_level.json | H68: yes | I68: FALSE | M68: Tutorial slot
A69: 1 | B69: 068 | C69: 01 · procedural 2 level 1 new 20260322234743 | D69: Procedural 4 | E69: Hard | G69: procedural_2_level_1_new_20260322234743.json | H69: yes | I69: FALSE
A70: 2 | B70: 069 | C70: 02 · procedular reference large 032 | D70: Procedural 4 | E70: Hard | G70: procedular_reference_large_032.json | H70: yes | I70: FALSE
A71: 3 | B71: 070 | C71: 03 · procedular reference large 033 | D71: Procedural 4 | E71: Hard | G71: procedular_reference_large_033.json | H71: yes | I71: FALSE
A72: 4 | B72: 071 | C72: 04 · procedular reference large 034 | D72: Procedural 4 | E72: Hard | G72: procedular_reference_large_034.json | H72: yes | I72: FALSE
A73: 5 | B73: 072 | C73: 05 · procedular reference large 035 | D73: Procedural 4 | E73: Hard | G73: procedular_reference_large_035.json | H73: yes | I73: FALSE
A74: 6 | B74: 073 | C74: 06 · procedular reference large 036 | D74: Procedural 4 | E74: Hard | G74: procedular_reference_large_036.json | H74: yes | I74: FALSE
A75: 7 | B75: 074 | C75: 07 · procedular reference large 037 | D75: Procedural 4 | E75: Hard | G75: procedular_reference_large_037.json | H75: yes | I75: FALSE
A76: 8 | B76: 075 | C76: 08 · procedular reference large 038 | D76: Procedural 4 | E76: Hard | G76: procedular_reference_large_038.json | H76: yes | I76: FALSE
A77: 9 | B77: 076 | C77: 09 · procedular reference large 039 | D77: Procedural 4 | E77: Hard | G77: procedular_reference_large_039.json | H77: yes | I77: FALSE
A78: 10 | B78: 077 | C78: 10 · procedular reference large 040 | D78: Procedural 4 | E78: Hard | G78: procedular_reference_large_040.json | H78: yes | I78: FALSE
A79: 0 | B79: 078 | C79: 00 · tutorial | D79: Procedural 5 | E79: Easy | G79: tutorial_level.json | H79: yes | I79: FALSE | M79: Tutorial slot
A80: 1 | B80: 079 | C80: 01 · procedular reference large 041 | D80: Procedural 5 | E80: Hard | G80: procedular_reference_large_041.json | H80: yes | I80: FALSE
A81: 2 | B81: 080 | C81: 02 · procedular reference large 042 | D81: Procedural 5 | E81: Hard | G81: procedular_reference_large_042.json | H81: yes | I81: FALSE
A82: 3 | B82: 081 | C82: 03 · procedular reference large 043 | D82: Procedural 5 | E82: Hard | G82: procedular_reference_large_043.json | H82: yes | I82: FALSE
A83: 4 | B83: 082 | C83: 04 · procedular reference large 044 | D83: Procedural 5 | E83: Hard | G83: procedular_reference_large_044.json | H83: yes | I83: FALSE
A84: 5 | B84: 083 | C84: 05 · procedular reference large 045 | D84: Procedural 5 | E84: Hard | G84: procedular_reference_large_045.json | H84: yes | I84: FALSE
A85: 6 | B85: 084 | C85: 06 · procedular reference large 046 | D85: Procedural 5 | E85: Hard | G85: procedular_reference_large_046.json | H85: yes | I85: FALSE
A86: 7 | B86: 085 | C86: 07 · procedular reference large 047 | D86: Procedural 5 | E86: Hard | G86: procedular_reference_large_047.json | H86: yes | I86: FALSE
A87: 8 | B87: 086 | C87: 08 · procedular reference large 048 | D87: Procedural 5 | E87: Hard | G87: procedular_reference_large_048.json | H87: yes | I87: FALSE
A88: 9 | B88: 087 | C88: 09 · procedular reference large 049 | D88: Procedural 5 | E88: Hard | G88: procedular_reference_large_049.json | H88: yes | I88: FALSE
A89: 10 | B89: 088 | C89: 10 · procedular reference large 050 | D89: Procedural 5 | E89: Hard | G89: procedular_reference_large_050.json | H89: yes | I89: FALSE
A90: 0 | B90: 089 | C90: 00 · tutorial | D90: Procedural 6 | E90: Easy | G90: tutorial_level.json | H90: yes | I90: FALSE | M90: Tutorial slot
A91: 1 | B91: 090 | C91: 01 · procedular reference large 051 | D91: Procedural 6 | E91: Hard | G91: procedular_reference_large_051.json | H91: yes | I91: FALSE
A92: 2 | B92: 091 | C92: 02 · procedular reference large 052 | D92: Procedural 6 | E92: Hard | G92: procedular_reference_large_052.json | H92: yes | I92: FALSE
A93: 3 | B93: 092 | C93: 03 · procedular reference large 053 | D93: Procedural 6 | E93: Hard | G93: procedular_reference_large_053.json | H93: yes | I93: FALSE
A94: 4 | B94: 093 | C94: 04 · procedular reference large 054 | D94: Procedural 6 | E94: Hard | G94: procedular_reference_large_054.json | H94: yes | I94: FALSE
A95: 5 | B95: 094 | C95: 05 · procedular reference large 055 | D95: Procedural 6 | E95: Hard | G95: procedular_reference_large_055.json | H95: yes | I95: FALSE
A96: 6 | B96: 095 | C96: 06 · procedular reference large 056 | D96: Procedural 6 | E96: Hard | G96: procedular_reference_large_056.json | H96: yes | I96: FALSE
A97: 7 | B97: 096 | C97: 07 · procedular reference large 057 | D97: Procedural 6 | E97: Hard | G97: procedular_reference_large_057.json | H97: yes | I97: FALSE
A98: 8 | B98: 097 | C98: 08 · procedular reference large 058 | D98: Procedural 6 | E98: Hard | G98: procedular_reference_large_058.json | H98: yes | I98: FALSE
A99: 9 | B99: 098 | C99: 09 · procedular reference large 059 | D99: Procedural 6 | E99: Hard | G99: procedular_reference_large_059.json | H99: yes | I99: FALSE
A100: 10 | B100: 099 | C100: 10 · procedular reference large 060 | D100: Procedural 6 | E100: Hard | G100: procedular_reference_large_060.json | H100: yes | I100: FALSE
...

Sheet Mix Planner
A1: Proposal ID | B1: Folder Name | C1: Approved | D1: Materialized | E1: Source Progression | F1: Suggestion | G1: Tutorial File | H1: Slot 1 | I1: Slot 2 | J1: Slot 3 | K1: Slot 4 | L1: Slot 5 | M1: Slot 6 | N1: Slot 7 | O1: Slot 8 | P1: Slot 9 | Q1: Slot 10 | R1: Curve | S1: Notes | T1: Output Folder
A2: original_a_current | B2: original_progression_a_current | C2: FALSE | D2: FALSE | E2: Original Progression A | F2: Original Order | G2: tutorial_level.json | H2: progression1_level1.json | I2: progresion1_level2.json | J2: progression1_level3.json | K2: progression1_level4.json | L2: progression1_level5.json | M2: progresion1_level6.json | N2: progression1_level7_v2.json | O2: progression1_level8.json | P2: progression1_level9.json | Q2: progression1_level10.json | R2: =SPARKLINE({IFERROR(VLOOKUP(H2,'Level Catalog'!A:E,5,FALSE),0),IFERROR(VLOOKUP(I2,'Level Catalog'!A:E,5,FALSE),0),IFERROR(VLOOKUP(J2,'Level Catalog'!A:E,5,FALSE),0),IFERROR(VLOOKUP(K2,'Level Catalog'!A:E,5,FALSE),0),IFERROR(VLOOKUP(L2,'Level Catalog'!A:E,5,FALSE),0),IFERROR(VLOOKUP(M2,'Level Catalog'!A:E,5,FALSE),0),IFERROR(VLOOKUP(N2,'Level Catalog'!A:E,5,FALSE),0),IFERROR(VLOOKUP(O2,'Level Catalog'!A:E,5,FALSE),0),IFERROR(VLOOKUP(P2,'Level Catalog'!A:E,5,FALSE),0),IFERROR(VLOOKUP(Q2,'Level Catalog'!A:E,5,FALSE),0)},{"charttype","line";"linewidth",2;"empty","zero"})
F3: Screens | G3: lvl_109_tutorial_level.png | H3: progression1_level1.png | I3: progresion1_level2.png | J3: progression1_level3.png | K3: progression1_level4.png | L3: progression1_level5.png | M3: progresion1_level6.png | N3: progression1_level7_v2.png | O3: progression1_level8.png | P3: progression1_level9.png | Q3: progression1_level10.png
F4: Difficulty | G4: Easy | H4: Easy | I4: Easy | J4: Medium | K4: Easy | L4: Easy | M4: Medium | N4: Hard | O4: Easy | P4: Medium | Q4: Hard
A5: original_a_rotate_1 | B5: original_progression_a_rotate_1 | C5: FALSE | D5: FALSE | E5: Original Progression A | F5: Rotate +1 | G5: tutorial_level.json | H5: progresion1_level2.json | I5: progression1_level3.json | J5: progression1_level4.json | K5: progression1_level5.json | L5: progresion1_level6.json | M5: progression1_level7_v2.json | N5: progression1_level8.json | O5: progression1_level9.json | P5: progression1_level10.json | Q5: progression1_level1.json | R5: =SPARKLINE({IFERROR(VLOOKUP(H5,'Level Catalog'!A:E,5,FALSE),0),IFERROR(VLOOKUP(I5,'Level Catalog'!A:E,5,FALSE),0),IFERROR(VLOOKUP(J5,'Level Catalog'!A:E,5,FALSE),0),IFERROR(VLOOKUP(K5,'Level Catalog'!A:E,5,FALSE),0),IFERROR(VLOOKUP(L5,'Level Catalog'!A:E,5,FALSE),0),IFERROR(VLOOKUP(M5,'Level Catalog'!A:E,5,FALSE),0),IFERROR(VLOOKUP(N5,'Level Catalog'!A:E,5,FALSE),0),IFERROR(VLOOKUP(O5,'Level Catalog'!A:E,5,FALSE),0),IFERROR(VLOOKUP(P5,'Level Catalog'!A:E,5,FALSE),0),IFERROR(VLOOKUP(Q5,'Level Catalog'!A:E,5,FALSE),0)},{"charttype","line";"linewidth",2;"empty","zero"})
F6: Screens | G6: lvl_109_tutorial_level.png | H6: progresion1_level2.png | I6: progression1_level3.png | J6: progression1_level4.png | K6: progression1_level5.png | L6: progresion1_level6.png | M6: progression1_level7_v2.png | N6: progression1_level8.png | O6: progression1_level9.png | P6: progression1_level10.png | Q6: progression1_level1.png
F7: Difficulty | G7: Easy | H7: Easy | I7: Medium | J7: Easy | K7: Easy | L7: Medium | M7: Hard | N7: Easy | O7: Medium | P7: Hard | Q7: Easy
A8: original_b_current | B8: original_progression_b_current | C8: FALSE | D8: FALSE | E8: Original Progression B | F8: Original Order | G8: tutorial_level.json | H8: progresion2_level1.json | I8: progresion2_level2.json | J8: progresion2_level3.json | K8: progresion2_level4.json | L8: progresion2_level5.json | M8: progresion2_level6.json | N8: progresion2_level7.json | O8: progresion2_level8.json | P8: progresion2_level9.json | Q8: progresion2_level10.json | R8: =SPARKLINE({IFERROR(VLOOKUP(H8,'Level Catalog'!A:E,5,FALSE),0),IFERROR(VLOOKUP(I8,'Level Catalog'!A:E,5,FALSE),0),IFERROR(VLOOKUP(J8,'Level Catalog'!A:E,5,FALSE),0),IFERROR(VLOOKUP(K8,'Level Catalog'!A:E,5,FALSE),0),IFERROR(VLOOKUP(L8,'Level Catalog'!A:E,5,FALSE),0),IFERROR(VLOOKUP(M8,'Level Catalog'!A:E,5,FALSE),0),IFERROR(VLOOKUP(N8,'Level Catalog'!A:E,5,FALSE),0),IFERROR(VLOOKUP(O8,'Level Catalog'!A:E,5,FALSE),0),IFERROR(VLOOKUP(P8,'Level Catalog'!A:E,5,FALSE),0),IFERROR(VLOOKUP(Q8,'Level Catalog'!A:E,5,FALSE),0)},{"charttype","line";"linewidth",2;"empty","zero"})
F9: Screens | G9: lvl_109_tutorial_level.png | H9: progresion2_level1.png | I9: progresion2_level2.png | J9: progresion2_level3.png | K9: progresion2_level4.png | L9: progresion2_level5.png | M9: progresion2_level6.png | N9: progresion2_level7.png | O9: progresion2_level8.png | P9: progresion2_level9.png | Q9: progresion2_level10.png
F10: Difficulty | G10: Easy | H10: Easy | I10: Easy | J10: Medium | K10: Hard | L10: Easy | M10: Medium | N10: Hard | O10: Easy | P10: Medium | Q10: Hard
A11: original_b_rotate_1 | B11: original_progression_b_rotate_1 | C11: FALSE | D11: FALSE | E11: Original Progression B | F11: Rotate +1 | G11: tutorial_level.json | H11: progresion2_level2.json | I11: progresion2_level3.json | J11: progresion2_level4.json | K11: progresion2_level5.json | L11: progresion2_level6.json | M11: progresion2_level7.json | N11: progresion2_level8.json | O11: progresion2_level9.json | P11: progresion2_level10.json | Q11: progresion2_level1.json | R11: =SPARKLINE({IFERROR(VLOOKUP(H11,'Level Catalog'!A:E,5,FALSE),0),IFERROR(VLOOKUP(I11,'Level Catalog'!A:E,5,FALSE),0),IFERROR(VLOOKUP(J11,'Level Catalog'!A:E,5,FALSE),0),IFERROR(VLOOKUP(K11,'Level Catalog'!A:E,5,FALSE),0),IFERROR(VLOOKUP(L11,'Level Catalog'!A:E,5,FALSE),0),IFERROR(VLOOKUP(M11,'Level Catalog'!A:E,5,FALSE),0),IFERROR(VLOOKUP(N11,'Level Catalog'!A:E,5,FALSE),0),IFERROR(VLOOKUP(O11,'Level Catalog'!A:E,5,FALSE),0),IFERROR(VLOOKUP(P11,'Level Catalog'!A:E,5,FALSE),0),IFERROR(VLOOKUP(Q11,'Level Catalog'!A:E,5,FALSE),0)},{"charttype","line";"linewidth",2;"empty","zero"})
F12: Screens | G12: lvl_109_tutorial_level.png | H12: progresion2_level2.png | I12: progresion2_level3.png | J12: progresion2_level4.png | K12: progresion2_level5.png | L12: progresion2_level6.png | M12: progresion2_level7.png | N12: progresion2_level8.png | O12: progresion2_level9.png | P12: progresion2_level10.png | Q12: progresion2_level1.png
F13: Difficulty | G13: Easy | H13: Easy | I13: Medium | J13: Hard | K13: Easy | L13: Medium | M13: Hard | N13: Easy | O13: Medium | P13: Hard | Q13: Easy
A14: original_c_current | B14: original_progression_c_current | C14: FALSE | D14: FALSE | E14: Original Progression C | F14: Original Order | G14: tutorial_level.json | H14: progression3_level1_v2.json | I14: progression_3_level_2_v2.json | J14: progression_3_level3.json | K14: progression_3_level4.json | L14: progression_3_level5.json | M14: progression_3_level6.json | N14: progression_3_level7_v2.json | O14: progression_3_level_8_v2.json | P14: progression_3_level9_v2.json | Q14: progression_3_level10_v2.json | R14: =SPARKLINE({IFERROR(VLOOKUP(H14,'Level Catalog'!A:E,5,FALSE),0),IFERROR(VLOOKUP(I14,'Level Catalog'!A:E,5,FALSE),0),IFERROR(VLOOKUP(J14,'Level Catalog'!A:E,5,FALSE),0),IFERROR(VLOOKUP(K14,'Level Catalog'!A:E,5,FALSE),0),IFERROR(VLOOKUP(L14,'Level Catalog'!A:E,5,FALSE),0),IFERROR(VLOOKUP(M14,'Level Catalog'!A:E,5,FALSE),0),IFERROR(VLOOKUP(N14,'Level Catalog'!A:E,5,FALSE),0),IFERROR(VLOOKUP(O14,'Level Catalog'!A:E,5,FALSE),0),IFERROR(VLOOKUP(P14,'Level Catalog'!A:E,5,FALSE),0),IFERROR(VLOOKUP(Q14,'Level Catalog'!A:E,5,FALSE),0)},{"charttype","line";"linewidth",2;"empty","zero"})
F15: Screens | G15: lvl_109_tutorial_level.png | H15: progression3_level1_v2.png | I15: progression_3_level_2_v2.png | J15: progression_3_level3.png | K15: progression_3_level4.png | L15: progression_3_level5.png | M15: progression_3_level6.png | N15: progression_3_level7_v2.png | O15: progression_3_level_8_v2.png | P15: progression_3_level9_v2.png | Q15: progression_3_level10_v2.png
F16: Difficulty | G16: Easy | H16: Easy | I16: Easy | J16: Medium | K16: Easy | L16: Medium | M16: Easy | N16: Medium | O16: Easy | P16: Medium | Q16: Hard
A17: original_c_rotate_1 | B17: original_progression_c_rotate_1 | C17: FALSE | D17: FALSE | E17: Original Progression C | F17: Rotate +1 | G17: tutorial_level.json | H17: progression_3_level_2_v2.json | I17: progression_3_level3.json | J17: progression_3_level4.json | K17: progression_3_level5.json | L17: progression_3_level6.json | M17: progression_3_level7_v2.json | N17: progression_3_level_8_v2.json | O17: progression_3_level9_v2.json | P17: progression_3_level10_v2.json | Q17: progression3_level1_v2.json | R17: =SPARKLINE({IFERROR(VLOOKUP(H17,'Level Catalog'!A:E,5,FALSE),0),IFERROR(VLOOKUP(I17,'Level Catalog'!A:E,5,FALSE),0),IFERROR(VLOOKUP(J17,'Level Catalog'!A:E,5,FALSE),0),IFERROR(VLOOKUP(K17,'Level Catalog'!A:E,5,FALSE),0),IFERROR(VLOOKUP(L17,'Level Catalog'!A:E,5,FALSE),0),IFERROR(VLOOKUP(M17,'Level Catalog'!A:E,5,FALSE),0),IFERROR(VLOOKUP(N17,'Level Catalog'!A:E,5,FALSE),0),IFERROR(VLOOKUP(O17,'Level Catalog'!A:E,5,FALSE),0),IFERROR(VLOOKUP(P17,'Level Catalog'!A:E,5,FALSE),0),IFERROR(VLOOKUP(Q17,'Level Catalog'!A:E,5,FALSE),0)},{"charttype","line";"linewidth",2;"empty","zero"})
F18: Screens | G18: lvl_109_tutorial_level.png | H18: progression_3_level_2_v2.png | I18: progression_3_level3.png | J18: progression_3_level4.png | K18: progression_3_level5.png | L18: progression_3_level6.png | M18: progression_3_level7_v2.png | N18: progression_3_level_8_v2.png | O18: progression_3_level9_v2.png | P18: progression_3_level10_v2.png | Q18: progression3_level1_v2.png
F19: Difficulty | G19: Easy | H19: Easy | I19: Medium | J19: Easy | K19: Medium | L19: Easy | M19: Medium | N19: Easy | O19: Medium | P19: Hard | Q19: Easy
A20: original_1_current | B20: original_progression_1_current | C20: FALSE | D20: FALSE | E20: Original Progression 1 | F20: Original Order | G20: tutorial_level.json | H20: slot2_1.json | I20: slot2_2.json | J20: slot2_3.json | K20: slot2_4.json | L20: procedular_reference_large_005.json | M20: procedular_reference_large_006.json | N20: procedular_reference_large_007.json | O20: procedular_reference_large_008.json | P20: procedular_reference_large_009.json | Q20: procedular_reference_large_010.json | R20: =SPARKLINE({IFERROR(VLOOKUP(H20,'Level Catalog'!A:E,5,FALSE),0),IFERROR(VLOOKUP(I20,'Level Catalog'!A:E,5,FALSE),0),IFERROR(VLOOKUP(J20,'Level Catalog'!A:E,5,FALSE),0),IFERROR(VLOOKUP(K20,'Level Catalog'!A:E,5,FALSE),0),IFERROR(VLOOKUP(L20,'Level Catalog'!A:E,5,FALSE),0),IFERROR(VLOOKUP(M20,'Level Catalog'!A:E,5,FALSE),0),IFERROR(VLOOKUP(N20,'Level Catalog'!A:E,5,FALSE),0),IFERROR(VLOOKUP(O20,'Level Catalog'!A:E,5,FALSE),0),IFERROR(VLOOKUP(P20,'Level Catalog'!A:E,5,FALSE),0),IFERROR(VLOOKUP(Q20,'Level Catalog'!A:E,5,FALSE),0)},{"charttype","line";"linewidth",2;"empty","zero"})
F21: Screens | G21: lvl_109_tutorial_level.png | H21: slot2_1.png | I21: slot2_2.png | J21: slot2_3.png | K21: slot2_4.png | L21: procedular_reference_large_005.png | M21: procedular_reference_large_006.png | N21: procedular_reference_large_007.png | O21: procedular_reference_large_008.png | P21: procedular_reference_large_009.png | Q21: procedular_reference_large_010.png
F22: Difficulty | G22: Easy | H22: Easy | I22: Hard | J22: Hard | K22: Hard | L22: Hard | M22: Hard | N22: Hard | O22: Hard | P22: Hard | Q22: Hard
A23: original_1_rotate_1 | B23: original_progression_1_rotate_1 | C23: FALSE | D23: FALSE | E23: Original Progression 1 | F23: Rotate +1 | G23: tutorial_level.json | H23: slot2_2.json | I23: slot2_3.json | J23: slot2_4.json | K23: procedular_reference_large_005.json | L23: procedular_reference_large_006.json | M23: procedular_reference_large_007.json | N23: procedular_reference_large_008.json | O23: procedular_reference_large_009.json | P23: procedular_reference_large_010.json | Q23: slot2_1.json | R23: =SPARKLINE({IFERROR(VLOOKUP(H23,'Level Catalog'!A:E,5,FALSE),0),IFERROR(VLOOKUP(I23,'Level Catalog'!A:E,5,FALSE),0),IFERROR(VLOOKUP(J23,'Level Catalog'!A:E,5,FALSE),0),IFERROR(VLOOKUP(K23,'Level Catalog'!A:E,5,FALSE),0),IFERROR(VLOOKUP(L23,'Level Catalog'!A:E,5,FALSE),0),IFERROR(VLOOKUP(M23,'Level Catalog'!A:E,5,FALSE),0),IFERROR(VLOOKUP(N23,'Level Catalog'!A:E,5,FALSE),0),IFERROR(VLOOKUP(O23,'Level Catalog'!A:E,5,FALSE),0),IFERROR(VLOOKUP(P23,'Level Catalog'!A:E,5,FALSE),0),IFERROR(VLOOKUP(Q23,'Level Catalog'!A:E,5,FALSE),0)},{"charttype","line";"linewidth",2;"empty","zero"})
F24: Screens | G24: lvl_109_tutorial_level.png | H24: slot2_2.png | I24: slot2_3.png | J24: slot2_4.png | K24: procedular_reference_large_005.png | L24: procedular_reference_large_006.png | M24: procedular_reference_large_007.png | N24: procedular_reference_large_008.png | O24: procedular_reference_large_009.png | P24: procedular_reference_large_010.png | Q24: slot2_1.png
F25: Difficulty | G25: Easy | H25: Hard | I25: Hard | J25: Hard | K25: Hard | L25: Hard | M25: Hard | N25: Hard | O25: Hard | P25: Hard | Q25: Easy
A26: original_2_current | B26: original_progression_2_current | C26: FALSE | D26: FALSE | E26: Original Progression 2 | F26: Original Order | G26: tutorial_level.json | H26: procedular_reference_large_011.json | I26: procedular_reference_large_012.json | J26: procedular_reference_large_013.json | K26: procedular_reference_large_014.json | L26: procedular_reference_large_015.json | M26: procedular_reference_large_016.json | N26: procedular_reference_large_017.json | O26: procedular_reference_large_018.json | P26: procedular_reference_large_019.json | Q26: procedular_reference_large_020.json | R26: =SPARKLINE({IFERROR(VLOOKUP(H26,'Level Catalog'!A:E,5,FALSE),0),IFERROR(VLOOKUP(I26,'Level Catalog'!A:E,5,FALSE),0),IFERROR(VLOOKUP(J26,'Level Catalog'!A:E,5,FALSE),0),IFERROR(VLOOKUP(K26,'Level Catalog'!A:E,5,FALSE),0),IFERROR(VLOOKUP(L26,'Level Catalog'!A:E,5,FALSE),0),IFERROR(VLOOKUP(M26,'Level Catalog'!A:E,5,FALSE),0),IFERROR(VLOOKUP(N26,'Level Catalog'!A:E,5,FALSE),0),IFERROR(VLOOKUP(O26,'Level Catalog'!A:E,5,FALSE),0),IFERROR(VLOOKUP(P26,'Level Catalog'!A:E,5,FALSE),0),IFERROR(VLOOKUP(Q26,'Level Catalog'!A:E,5,FALSE),0)},{"charttype","line";"linewidth",2;"empty","zero"})
F27: Screens | G27: lvl_109_tutorial_level.png | H27: procedular_reference_large_011.png | I27: procedular_reference_large_012.png | J27: procedular_reference_large_013.png | K27: procedular_reference_large_014.png | L27: procedular_reference_large_015.png | M27: procedular_reference_large_016.png | N27: procedular_reference_large_017.png | O27: procedular_reference_large_018.png | P27: procedular_reference_large_019.png | Q27: procedular_reference_large_020.png
F28: Difficulty | G28: Easy | H28: Hard | I28: Hard | J28: Hard | K28: Hard | L28: Hard | M28: Hard | N28: Hard | O28: Hard | P28: Hard | Q28: Hard
A29: original_2_rotate_1 | B29: original_progression_2_rotate_1 | C29: FALSE | D29: FALSE | E29: Original Progression 2 | F29: Rotate +1 | G29: tutorial_level.json | H29: procedular_reference_large_012.json | I29: procedular_reference_large_013.json | J29: procedular_reference_large_014.json | K29: procedular_reference_large_015.json | L29: procedular_reference_large_016.json | M29: procedular_reference_large_017.json | N29: procedular_reference_large_018.json | O29: procedular_reference_large_019.json | P29: procedular_reference_large_020.json | Q29: procedular_reference_large_011.json | R29: =SPARKLINE({IFERROR(VLOOKUP(H29,'Level Catalog'!A:E,5,FALSE),0),IFERROR(VLOOKUP(I29,'Level Catalog'!A:E,5,FALSE),0),IFERROR(VLOOKUP(J29,'Level Catalog'!A:E,5,FALSE),0),IFERROR(VLOOKUP(K29,'Level Catalog'!A:E,5,FALSE),0),IFERROR(VLOOKUP(L29,'Level Catalog'!A:E,5,FALSE),0),IFERROR(VLOOKUP(M29,'Level Catalog'!A:E,5,FALSE),0),IFERROR(VLOOKUP(N29,'Level Catalog'!A:E,5,FALSE),0),IFERROR(VLOOKUP(O29,'Level Catalog'!A:E,5,FALSE),0),IFERROR(VLOOKUP(P29,'Level Catalog'!A:E,5,FALSE),0),IFERROR(VLOOKUP(Q29,'Level Catalog'!A:E,5,FALSE),0)},{"charttype","line";"linewidth",2;"empty","zero"})
F30: Screens | G30: lvl_109_tutorial_level.png | H30: procedular_reference_large_012.png | I30: procedular_reference_large_013.png | J30: procedular_reference_large_014.png | K30: procedular_reference_large_015.png | L30: procedular_reference_large_016.png | M30: procedular_reference_large_017.png | N30: procedular_reference_large_018.png | O30: procedular_reference_large_019.png | P30: procedular_reference_large_020.png | Q30: procedular_reference_large_011.png
F31: Difficulty | G31: Easy | H31: Hard | I31: Hard | J31: Hard | K31: Hard | L31: Hard | M31: Hard | N31: Hard | O31: Hard | P31: Hard | Q31: Hard
A32: original_3_current | B32: original_progression_3_current | C32: FALSE | D32: FALSE | E32: Original Progression 3 | F32: Original Order | G32: tutorial_level.json | H32: procedular_reference_large_021.json | I32: procedular_reference_large_022.json | J32: procedular_reference_large_023.json | K32: procedular_reference_large_024.json | L32: procedular_reference_large_025.json | M32: procedular_reference_large_026.json | N32: procedular_reference_large_027.json | O32: procedular_reference_large_028.json | P32: procedular_reference_large_029.json | Q32: procedular_reference_large_030.json | R32: =SPARKLINE({IFERROR(VLOOKUP(H32,'Level Catalog'!A:E,5,FALSE),0),IFERROR(VLOOKUP(I32,'Level Catalog'!A:E,5,FALSE),0),IFERROR(VLOOKUP(J32,'Level Catalog'!A:E,5,FALSE),0),IFERROR(VLOOKUP(K32,'Level Catalog'!A:E,5,FALSE),0),IFERROR(VLOOKUP(L32,'Level Catalog'!A:E,5,FALSE),0),IFERROR(VLOOKUP(M32,'Level Catalog'!A:E,5,FALSE),0),IFERROR(VLOOKUP(N32,'Level Catalog'!A:E,5,FALSE),0),IFERROR(VLOOKUP(O32,'Level Catalog'!A:E,5,FALSE),0),IFERROR(VLOOKUP(P32,'Level Catalog'!A:E,5,FALSE),0),IFERROR(VLOOKUP(Q32,'Level Catalog'!A:E,5,FALSE),0)},{"charttype","line";"linewidth",2;"empty","zero"})
F33: Screens | G33: lvl_109_tutorial_level.png | H33: procedular_reference_large_021.png | I33: procedular_reference_large_022.png | J33: procedular_reference_large_023.png | K33: procedular_reference_large_024.png | L33: procedular_reference_large_025.png | M33: procedular_reference_large_026.png | N33: procedular_reference_large_027.png | O33: procedular_reference_large_028.png | P33: procedular_reference_large_029.png | Q33: procedular_reference_large_030.png
F34: Difficulty | G34: Easy | H34: Hard | I34: Hard | J34: Hard | K34: Hard | L34: Hard | M34: Hard | N34: Hard | O34: Hard | P34: Hard | Q34: Hard
A35: original_3_rotate_1 | B35: original_progression_3_rotate_1 | C35: FALSE | D35: FALSE | E35: Original Progression 3 | F35: Rotate +1 | G35: tutorial_level.json | H35: procedular_reference_large_022.json | I35: procedular_reference_large_023.json | J35: procedular_reference_large_024.json | K35: procedular_reference_large_025.json | L35: procedular_reference_large_026.json | M35: procedular_reference_large_027.json | N35: procedular_reference_large_028.json | O35: procedular_reference_large_029.json | P35: procedular_reference_large_030.json | Q35: procedular_reference_large_021.json | R35: =SPARKLINE({IFERROR(VLOOKUP(H35,'Level Catalog'!A:E,5,FALSE),0),IFERROR(VLOOKUP(I35,'Level Catalog'!A:E,5,FALSE),0),IFERROR(VLOOKUP(J35,'Level Catalog'!A:E,5,FALSE),0),IFERROR(VLOOKUP(K35,'Level Catalog'!A:E,5,FALSE),0),IFERROR(VLOOKUP(L35,'Level Catalog'!A:E,5,FALSE),0),IFERROR(VLOOKUP(M35,'Level Catalog'!A:E,5,FALSE),0),IFERROR(VLOOKUP(N35,'Level Catalog'!A:E,5,FALSE),0),IFERROR(VLOOKUP(O35,'Level Catalog'!A:E,5,FALSE),0),IFERROR(VLOOKUP(P35,'Level Catalog'!A:E,5,FALSE),0),IFERROR(VLOOKUP(Q35,'Level Catalog'!A:E,5,FALSE),0)},{"charttype","line";"linewidth",2;"empty","zero"})
F36: Screens | G36: lvl_109_tutorial_level.png | H36: procedular_reference_large_022.png | I36: procedular_reference_large_023.png | J36: procedular_reference_large_024.png | K36: procedular_reference_large_025.png | L36: procedular_reference_large_026.png | M36: procedular_reference_large_027.png | N36: procedular_reference_large_028.png | O36: procedular_reference_large_029.png | P36: procedular_reference_large_030.png | Q36: procedular_reference_large_021.png
F37: Difficulty | G37: Easy | H37: Hard | I37: Hard | J37: Hard | K37: Hard | L37: Hard | M37: Hard | N37: Hard | O37: Hard | P37: Hard | Q37: Hard
A38: original_4_current | B38: original_progression_4_current | C38: FALSE | D38: FALSE | E38: Original Progression 4 | F38: Original Order | G38: tutorial_level.json | H38: procedural_2_level_1_new_20260322234743.json | I38: procedular_reference_large_032.json | J38: procedular_reference_large_033.json | K38: procedular_reference_large_034.json | L38: procedular_reference_large_035.json | M38: procedular_reference_large_036.json | N38: procedular_reference_large_037.json | O38: procedular_reference_large_038.json | P38: procedular_reference_large_039.json | Q38: procedular_reference_large_040.json | R38: =SPARKLINE({IFERROR(VLOOKUP(H38,'Level Catalog'!A:E,5,FALSE),0),IFERROR(VLOOKUP(I38,'Level Catalog'!A:E,5,FALSE),0),IFERROR(VLOOKUP(J38,'Level Catalog'!A:E,5,FALSE),0),IFERROR(VLOOKUP(K38,'Level Catalog'!A:E,5,FALSE),0),IFERROR(VLOOKUP(L38,'Level Catalog'!A:E,5,FALSE),0),IFERROR(VLOOKUP(M38,'Level Catalog'!A:E,5,FALSE),0),IFERROR(VLOOKUP(N38,'Level Catalog'!A:E,5,FALSE),0),IFERROR(VLOOKUP(O38,'Level Catalog'!A:E,5,FALSE),0),IFERROR(VLOOKUP(P38,'Level Catalog'!A:E,5,FALSE),0),IFERROR(VLOOKUP(Q38,'Level Catalog'!A:E,5,FALSE),0)},{"charttype","line";"linewidth",2;"empty","zero"})
F39: Screens | G39: lvl_109_tutorial_level.png | H39: procedural_2_level_1_new_20260322234743.png | I39: procedular_reference_large_032.png | J39: procedular_reference_large_033.png | K39: procedular_reference_large_034.png | L39: procedular_reference_large_035.png | M39: procedular_reference_large_036.png | N39: procedular_reference_large_037.png | O39: procedular_reference_large_038.png | P39: procedular_reference_large_039.png | Q39: procedular_reference_large_040.png
F40: Difficulty | G40: Easy | H40: Hard | I40: Hard | J40: Hard | K40: Hard | L40: Hard | M40: Hard | N40: Hard | O40: Hard | P40: Hard | Q40: Hard
A41: original_4_rotate_1 | B41: original_progression_4_rotate_1 | C41: FALSE | D41: FALSE | E41: Original Progression 4 | F41: Rotate +1 | G41: tutorial_level.json | H41: procedular_reference_large_032.json | I41: procedular_reference_large_033.json | J41: procedular_reference_large_034.json | K41: procedular_reference_large_035.json | L41: procedular_reference_large_036.json | M41: procedular_reference_large_037.json | N41: procedular_reference_large_038.json | O41: procedular_reference_large_039.json | P41: procedular_reference_large_040.json | Q41: procedural_2_level_1_new_20260322234743.json | R41: =SPARKLINE({IFERROR(VLOOKUP(H41,'Level Catalog'!A:E,5,FALSE),0),IFERROR(VLOOKUP(I41,'Level Catalog'!A:E,5,FALSE),0),IFERROR(VLOOKUP(J41,'Level Catalog'!A:E,5,FALSE),0),IFERROR(VLOOKUP(K41,'Level Catalog'!A:E,5,FALSE),0),IFERROR(VLOOKUP(L41,'Level Catalog'!A:E,5,FALSE),0),IFERROR(VLOOKUP(M41,'Level Catalog'!A:E,5,FALSE),0),IFERROR(VLOOKUP(N41,'Level Catalog'!A:E,5,FALSE),0),IFERROR(VLOOKUP(O41,'Level Catalog'!A:E,5,FALSE),0),IFERROR(VLOOKUP(P41,'Level Catalog'!A:E,5,FALSE),0),IFERROR(VLOOKUP(Q41,'Level Catalog'!A:E,5,FALSE),0)},{"charttype","line";"linewidth",2;"empty","zero"})
F42: Screens | G42: lvl_109_tutorial_level.png | H42: procedular_reference_large_032.png | I42: procedular_reference_large_033.png | J42: procedular_reference_large_034.png | K42: procedular_reference_large_035.png | L42: procedular_reference_large_036.png | M42: procedular_reference_large_037.png | N42: procedular_reference_large_038.png | O42: procedular_reference_large_039.png | P42: procedular_reference_large_040.png | Q42: procedural_2_level_1_new_20260322234743.png
F43: Difficulty | G43: Easy | H43: Hard | I43: Hard | J43: Hard | K43: Hard | L43: Hard | M43: Hard | N43: Hard | O43: Hard | P43: Hard | Q43: Hard
A44: original_5_current | B44: original_progression_5_current | C44: FALSE | D44: FALSE | E44: Original Progression 5 | F44: Original Order | G44: tutorial_level.json | H44: procedular_reference_large_041.json | I44: procedular_reference_large_042.json | J44: procedular_reference_large_043.json | K44: procedular_reference_large_044.json | L44: procedular_reference_large_045.json | M44: procedular_reference_large_046.json | N44: procedular_reference_large_047.json | O44: procedular_reference_large_048.json | P44: procedular_reference_large_049.json | Q44: procedular_reference_large_050.json | R44: =SPARKLINE({IFERROR(VLOOKUP(H44,'Level Catalog'!A:E,5,FALSE),0),IFERROR(VLOOKUP(I44,'Level Catalog'!A:E,5,FALSE),0),IFERROR(VLOOKUP(J44,'Level Catalog'!A:E,5,FALSE),0),IFERROR(VLOOKUP(K44,'Level Catalog'!A:E,5,FALSE),0),IFERROR(VLOOKUP(L44,'Level Catalog'!A:E,5,FALSE),0),IFERROR(VLOOKUP(M44,'Level Catalog'!A:E,5,FALSE),0),IFERROR(VLOOKUP(N44,'Level Catalog'!A:E,5,FALSE),0),IFERROR(VLOOKUP(O44,'Level Catalog'!A:E,5,FALSE),0),IFERROR(VLOOKUP(P44,'Level Catalog'!A:E,5,FALSE),0),IFERROR(VLOOKUP(Q44,'Level Catalog'!A:E,5,FALSE),0)},{"charttype","line";"linewidth",2;"empty","zero"})
F45: Screens | G45: lvl_109_tutorial_level.png | H45: procedular_reference_large_041.png | I45: procedular_reference_large_042.png | J45: procedular_reference_large_043.png | K45: procedular_reference_large_044.png | L45: procedular_reference_large_045.png | M45: procedular_reference_large_046.png | N45: procedular_reference_large_047.png | O45: procedular_reference_large_048.png | P45: procedular_reference_large_049.png | Q45: procedular_reference_large_050.png
F46: Difficulty | G46: Easy | H46: Hard | I46: Hard | J46: Hard | K46: Hard | L46: Hard | M46: Hard | N46: Hard | O46: Hard | P46: Hard | Q46: Hard
A47: original_5_rotate_1 | B47: original_progression_5_rotate_1 | C47: FALSE | D47: FALSE | E47: Original Progression 5 | F47: Rotate +1 | G47: tutorial_level.json | H47: procedular_reference_large_042.json | I47: procedular_reference_large_043.json | J47: procedular_reference_large_044.json | K47: procedular_reference_large_045.json | L47: procedular_reference_large_046.json | M47: procedular_reference_large_047.json | N47: procedular_reference_large_048.json | O47: procedular_reference_large_049.json | P47: procedular_reference_large_050.json | Q47: procedular_reference_large_041.json | R47: =SPARKLINE({IFERROR(VLOOKUP(H47,'Level Catalog'!A:E,5,FALSE),0),IFERROR(VLOOKUP(I47,'Level Catalog'!A:E,5,FALSE),0),IFERROR(VLOOKUP(J47,'Level Catalog'!A:E,5,FALSE),0),IFERROR(VLOOKUP(K47,'Level Catalog'!A:E,5,FALSE),0),IFERROR(VLOOKUP(L47,'Level Catalog'!A:E,5,FALSE),0),IFERROR(VLOOKUP(M47,'Level Catalog'!A:E,5,FALSE),0),IFERROR(VLOOKUP(N47,'Level Catalog'!A:E,5,FALSE),0),IFERROR(VLOOKUP(O47,'Level Catalog'!A:E,5,FALSE),0),IFERROR(VLOOKUP(P47,'Level Catalog'!A:E,5,FALSE),0),IFERROR(VLOOKUP(Q47,'Level Catalog'!A:E,5,FALSE),0)},{"charttype","line";"linewidth",2;"empty","zero"})
F48: Screens | G48: lvl_109_tutorial_level.png | H48: procedular_reference_large_042.png | I48: procedular_reference_large_043.png | J48: procedular_reference_large_044.png | K48: procedular_reference_large_045.png | L48: procedular_reference_large_046.png | M48: procedular_reference_large_047.png | N48: procedular_reference_large_048.png | O48: procedular_reference_large_049.png | P48: procedular_reference_large_050.png | Q48: procedular_reference_large_041.png
F49: Difficulty | G49: Easy | H49: Hard | I49: Hard | J49: Hard | K49: Hard | L49: Hard | M49: Hard | N49: Hard | O49: Hard | P49: Hard | Q49: Hard
A50: original_6_current | B50: original_progression_6_current | C50: FALSE | D50: FALSE | E50: Original Progression 6 | F50: Original Order | G50: tutorial_level.json | H50: procedular_reference_large_051.json | I50: procedular_reference_large_052.json | J50: procedular_reference_large_053.json | K50: procedular_reference_large_054.json | L50: procedular_reference_large_055.json | M50: procedular_reference_large_056.json | N50: procedular_reference_large_057.json | O50: procedular_reference_large_058.json | P50: procedular_reference_large_059.json | Q50: procedular_reference_large_060.json | R50: =SPARKLINE({IFERROR(VLOOKUP(H50,'Level Catalog'!A:E,5,FALSE),0),IFERROR(VLOOKUP(I50,'Level Catalog'!A:E,5,FALSE),0),IFERROR(VLOOKUP(J50,'Level Catalog'!A:E,5,FALSE),0),IFERROR(VLOOKUP(K50,'Level Catalog'!A:E,5,FALSE),0),IFERROR(VLOOKUP(L50,'Level Catalog'!A:E,5,FALSE),0),IFERROR(VLOOKUP(M50,'Level Catalog'!A:E,5,FALSE),0),IFERROR(VLOOKUP(N50,'Level Catalog'!A:E,5,FALSE),0),IFERROR(VLOOKUP(O50,'Level Catalog'!A:E,5,FALSE),0),IFERROR(VLOOKUP(P50,'Level Catalog'!A:E,5,FALSE),0),IFERROR(VLOOKUP(Q50,'Level Catalog'!A:E,5,FALSE),0)},{"charttype","line";"linewidth",2;"empty","zero"})
F51: Screens | G51: lvl_109_tutorial_level.png | H51: procedular_reference_large_051.png | I51: procedular_reference_large_052.png | J51: procedular_reference_large_053.png | K51: procedular_reference_large_054.png | L51: procedular_reference_large_055.png | M51: procedular_reference_large_056.png | N51: procedular_reference_large_057.png | O51: procedular_reference_large_058.png | P51: procedular_reference_large_059.png | Q51: procedular_reference_large_060.png
F52: Difficulty | G52: Easy | H52: Hard | I52: Hard | J52: Hard | K52: Hard | L52: Hard | M52: Hard | N52: Hard | O52: Hard | P52: Hard | Q52: Hard
A53: original_6_rotate_1 | B53: original_progression_6_rotate_1 | C53: FALSE | D53: FALSE | E53: Original Progression 6 | F53: Rotate +1 | G53: tutorial_level.json | H53: procedular_reference_large_052.json | I53: procedular_reference_large_053.json | J53: procedular_reference_large_054.json | K53: procedular_reference_large_055.json | L53: procedular_reference_large_056.json | M53: procedular_reference_large_057.json | N53: procedular_reference_large_058.json | O53: procedular_reference_large_059.json | P53: procedular_reference_large_060.json | Q53: procedular_reference_large_051.json | R53: =SPARKLINE({IFERROR(VLOOKUP(H53,'Level Catalog'!A:E,5,FALSE),0),IFERROR(VLOOKUP(I53,'Level Catalog'!A:E,5,FALSE),0),IFERROR(VLOOKUP(J53,'Level Catalog'!A:E,5,FALSE),0),IFERROR(VLOOKUP(K53,'Level Catalog'!A:E,5,FALSE),0),IFERROR(VLOOKUP(L53,'Level Catalog'!A:E,5,FALSE),0),IFERROR(VLOOKUP(M53,'Level Catalog'!A:E,5,FALSE),0),IFERROR(VLOOKUP(N53,'Level Catalog'!A:E,5,FALSE),0),IFERROR(VLOOKUP(O53,'Level Catalog'!A:E,5,FALSE),0),IFERROR(VLOOKUP(P53,'Level Catalog'!A:E,5,FALSE),0),IFERROR(VLOOKUP(Q53,'Level Catalog'!A:E,5,FALSE),0)},{"charttype","line";"linewidth",2;"empty","zero"})
F54: Screens | G54: lvl_109_tutorial_level.png | H54: procedular_reference_large_052.png | I54: procedular_reference_large_053.png | J54: procedular_reference_large_054.png | K54: procedular_reference_large_055.png | L54: procedular_reference_large_056.png | M54: procedular_reference_large_057.png | N54: procedular_reference_large_058.png | O54: procedular_reference_large_059.png | P54: procedular_reference_large_060.png | Q54: procedular_reference_large_051.png
F55: Difficulty | G55: Easy | H55: Hard | I55: Hard | J55: Hard | K55: Hard | L55: Hard | M55: Hard | N55: Hard | O55: Hard | P55: Hard | Q55: Hard
A56: original_7_current | B56: original_progression_7_current | C56: FALSE | D56: FALSE | E56: Original Progression 7 | F56: Original Order | G56: tutorial_level.json | H56: procedular_reference_large_061.json | I56: procedular_reference_large_062.json | J56: procedular_reference_large_063.json | K56: procedular_reference_large_064.json | L56: procedular_reference_large_065.json | M56: procedular_reference_large_066.json | N56: procedular_reference_large_067.json | O56: procedular_reference_large_068.json | P56: procedular_reference_large_069.json | Q56: procedular_reference_large_070.json | R56: =SPARKLINE({IFERROR(VLOOKUP(H56,'Level Catalog'!A:E,5,FALSE),0),IFERROR(VLOOKUP(I56,'Level Catalog'!A:E,5,FALSE),0),IFERROR(VLOOKUP(J56,'Level Catalog'!A:E,5,FALSE),0),IFERROR(VLOOKUP(K56,'Level Catalog'!A:E,5,FALSE),0),IFERROR(VLOOKUP(L56,'Level Catalog'!A:E,5,FALSE),0),IFERROR(VLOOKUP(M56,'Level Catalog'!A:E,5,FALSE),0),IFERROR(VLOOKUP(N56,'Level Catalog'!A:E,5,FALSE),0),IFERROR(VLOOKUP(O56,'Level Catalog'!A:E,5,FALSE),0),IFERROR(VLOOKUP(P56,'Level Catalog'!A:E,5,FALSE),0),IFERROR(VLOOKUP(Q56,'Level Catalog'!A:E,5,FALSE),0)},{"charttype","line";"linewidth",2;"empty","zero"})
F57: Screens | G57: lvl_109_tutorial_level.png | H57: procedular_reference_large_061.png | I57: procedular_reference_large_062.png | J57: procedular_reference_large_063.png | K57: procedular_reference_large_064.png | L57: procedular_reference_large_065.png | M57: procedular_reference_large_066.png | N57: procedular_reference_large_067.png | O57: procedular_reference_large_068.png | P57: procedular_reference_large_069.png | Q57: procedular_reference_large_070.png
F58: Difficulty | G58: Easy | H58: Hard | I58: Hard | J58: Hard | K58: Hard | L58: Hard | M58: Hard | N58: Hard | O58: Hard | P58: Hard | Q58: Hard
A59: original_7_rotate_1 | B59: original_progression_7_rotate_1 | C59: FALSE | D59: FALSE | E59: Original Progression 7 | F59: Rotate +1 | G59: tutorial_level.json | H59: procedular_reference_large_062.json | I59: procedular_reference_large_063.json | J59: procedular_reference_large_064.json | K59: procedular_reference_large_065.json | L59: procedular_reference_large_066.json | M59: procedular_reference_large_067.json | N59: procedular_reference_large_068.json | O59: procedular_reference_large_069.json | P59: procedular_reference_large_070.json | Q59: procedular_reference_large_061.json | R59: =SPARKLINE({IFERROR(VLOOKUP(H59,'Level Catalog'!A:E,5,FALSE),0),IFERROR(VLOOKUP(I59,'Level Catalog'!A:E,5,FALSE),0),IFERROR(VLOOKUP(J59,'Level Catalog'!A:E,5,FALSE),0),IFERROR(VLOOKUP(K59,'Level Catalog'!A:E,5,FALSE),0),IFERROR(VLOOKUP(L59,'Level Catalog'!A:E,5,FALSE),0),IFERROR(VLOOKUP(M59,'Level Catalog'!A:E,5,FALSE),0),IFERROR(VLOOKUP(N59,'Level Catalog'!A:E,5,FALSE),0),IFERROR(VLOOKUP(O59,'Level Catalog'!A:E,5,FALSE),0),IFERROR(VLOOKUP(P59,'Level Catalog'!A:E,5,FALSE),0),IFERROR(VLOOKUP(Q59,'Level Catalog'!A:E,5,FALSE),0)},{"charttype","line";"linewidth",2;"empty","zero"})
F60: Screens | G60: lvl_109_tutorial_level.png | H60: procedular_reference_large_062.png | I60: procedular_reference_large_063.png | J60: procedular_reference_large_064.png | K60: procedular_reference_large_065.png | L60: procedular_reference_large_066.png | M60: procedular_reference_large_067.png | N60: procedular_reference_large_068.png | O60: procedular_reference_large_069.png | P60: procedular_reference_large_070.png | Q60: procedular_reference_large_061.png
F61: Difficulty | G61: Easy | H61: Hard | I61: Hard | J61: Hard | K61: Hard | L61: Hard | M61: Hard | N61: Hard | O61: Hard | P61: Hard | Q61: Hard
A62: original_8_current | B62: original_progression_8_current | C62: FALSE | D62: FALSE | E62: Original Progression 8 | F62: Original Order | G62: tutorial_level.json | H62: procedular_reference_large_071.json | I62: procedular_reference_large_072.json | J62: procedular_reference_large_073.json | K62: procedular_reference_large_074.json | L62: procedular_reference_large_075.json | M62: procedular_reference_large_076.json | N62: procedular_reference_large_078.json | O62: procedular_reference_large_079.json | P62: procedular_reference_large_080.json | Q62: procedular_reference_large_081.json | R62: =SPARKLINE({IFERROR(VLOOKUP(H62,'Level Catalog'!A:E,5,FALSE),0),IFERROR(VLOOKUP(I62,'Level Catalog'!A:E,5,FALSE),0),IFERROR(VLOOKUP(J62,'Level Catalog'!A:E,5,FALSE),0),IFERROR(VLOOKUP(K62,'Level Catalog'!A:E,5,FALSE),0),IFERROR(VLOOKUP(L62,'Level Catalog'!A:E,5,FALSE),0),IFERROR(VLOOKUP(M62,'Level Catalog'!A:E,5,FALSE),0),IFERROR(VLOOKUP(N62,'Level Catalog'!A:E,5,FALSE),0),IFERROR(VLOOKUP(O62,'Level Catalog'!A:E,5,FALSE),0),IFERROR(VLOOKUP(P62,'Level Catalog'!A:E,5,FALSE),0),IFERROR(VLOOKUP(Q62,'Level Catalog'!A:E,5,FALSE),0)},{"charttype","line";"linewidth",2;"empty","zero"})
F63: Screens | G63: lvl_109_tutorial_level.png | H63: procedular_reference_large_071.png | I63: procedular_reference_large_072.png | J63: procedular_reference_large_073.png | K63: procedular_reference_large_074.png | L63: procedular_reference_large_075.png | M63: procedular_reference_large_076.png | N63: procedular_reference_large_078.png | O63: procedular_reference_large_079.png | P63: procedular_reference_large_080.png | Q63: procedular_reference_large_081.png
F64: Difficulty | G64: Easy | H64: Hard | I64: Hard | J64: Hard | K64: Hard | L64: Hard | M64: Hard | N64: Hard | O64: Hard | P64: Hard | Q64: Hard
A65: original_8_rotate_1 | B65: original_progression_8_rotate_1 | C65: FALSE | D65: FALSE | E65: Original Progression 8 | F65: Rotate +1 | G65: tutorial_level.json | H65: procedular_reference_large_072.json | I65: procedular_reference_large_073.json | J65: procedular_reference_large_074.json | K65: procedular_reference_large_075.json | L65: procedular_reference_large_076.json | M65: procedular_reference_large_078.json | N65: procedular_reference_large_079.json | O65: procedular_reference_large_080.json | P65: procedular_reference_large_081.json | Q65: procedular_reference_large_071.json | R65: =SPARKLINE({IFERROR(VLOOKUP(H65,'Level Catalog'!A:E,5,FALSE),0),IFERROR(VLOOKUP(I65,'Level Catalog'!A:E,5,FALSE),0),IFERROR(VLOOKUP(J65,'Level Catalog'!A:E,5,FALSE),0),IFERROR(VLOOKUP(K65,'Level Catalog'!A:E,5,FALSE),0),IFERROR(VLOOKUP(L65,'Level Catalog'!A:E,5,FALSE),0),IFERROR(VLOOKUP(M65,'Level Catalog'!A:E,5,FALSE),0),IFERROR(VLOOKUP(N65,'Level Catalog'!A:E,5,FALSE),0),IFERROR(VLOOKUP(O65,'Level Catalog'!A:E,5,FALSE),0),IFERROR(VLOOKUP(P65,'Level Catalog'!A:E,5,FALSE),0),IFERROR(VLOOKUP(Q65,'Level Catalog'!A:E,5,FALSE),0)},{"charttype","line";"linewidth",2;"empty","zero"})
F66: Screens | G66: lvl_109_tutorial_level.png | H66: procedular_reference_large_072.png | I66: procedular_reference_large_073.png | J66: procedular_reference_large_074.png | K66: procedular_reference_large_075.png | L66: procedular_reference_large_076.png | M66: procedular_reference_large_078.png | N66: procedular_reference_large_079.png | O66: procedular_reference_large_080.png | P66: procedular_reference_large_081.png | Q66: procedular_reference_large_071.png
F67: Difficulty | G67: Easy | H67: Hard | I67: Hard | J67: Hard | K67: Hard | L67: Hard | M67: Hard | N67: Hard | O67: Hard | P67: Hard | Q67: Hard
A68: original_9_current | B68: original_progression_9_current | C68: FALSE | D68: FALSE | E68: Original Progression 9 | F68: Original Order | G68: tutorial_level.json | H68: procedular_reference_large_082.json | I68: procedular_reference_large_083.json | J68: procedular_reference_large_084.json | K68: procedular_reference_large_085.json | L68: procedular_reference_large_086.json | M68: procedular_reference_large_087.json | N68: procedular_reference_large_088.json | O68: procedular_reference_large_089.json | P68: procedular_reference_large_090.json | Q68: procedular_reference_large_091.json | R68: =SPARKLINE({IFERROR(VLOOKUP(H68,'Level Catalog'!A:E,5,FALSE),0),IFERROR(VLOOKUP(I68,'Level Catalog'!A:E,5,FALSE),0),IFERROR(VLOOKUP(J68,'Level Catalog'!A:E,5,FALSE),0),IFERROR(VLOOKUP(K68,'Level Catalog'!A:E,5,FALSE),0),IFERROR(VLOOKUP(L68,'Level Catalog'!A:E,5,FALSE),0),IFERROR(VLOOKUP(M68,'Level Catalog'!A:E,5,FALSE),0),IFERROR(VLOOKUP(N68,'Level Catalog'!A:E,5,FALSE),0),IFERROR(VLOOKUP(O68,'Level Catalog'!A:E,5,FALSE),0),IFERROR(VLOOKUP(P68,'Level Catalog'!A:E,5,FALSE),0),IFERROR(VLOOKUP(Q68,'Level Catalog'!A:E,5,FALSE),0)},{"charttype","line";"linewidth",2;"empty","zero"})
F69: Screens | G69: lvl_109_tutorial_level.png | H69: procedular_reference_large_082.png | I69: procedular_reference_large_083.png | J69: procedular_reference_large_084.png | K69: procedular_reference_large_085.png | L69: procedular_reference_large_086.png | M69: procedular_reference_large_087.png | N69: procedular_reference_large_088.png | O69: procedular_reference_large_089.png | P69: procedular_reference_large_090.png | Q69: procedular_reference_large_091.png
F70: Difficulty | G70: Easy | H70: Hard | I70: Hard | J70: Hard | K70: Hard | L70: Hard | M70: Hard | N70: Hard | O70: Hard | P70: Hard | Q70: Hard
A71: original_9_rotate_1 | B71: original_progression_9_rotate_1 | C71: FALSE | D71: FALSE | E71: Original Progression 9 | F71: Rotate +1 | G71: tutorial_level.json | H71: procedular_reference_large_083.json | I71: procedular_reference_large_084.json | J71: procedular_reference_large_085.json | K71: procedular_reference_large_086.json | L71: procedular_reference_large_087.json | M71: procedular_reference_large_088.json | N71: procedular_reference_large_089.json | O71: procedular_reference_large_090.json | P71: procedular_reference_large_091.json | Q71: procedular_reference_large_082.json | R71: =SPARKLINE({IFERROR(VLOOKUP(H71,'Level Catalog'!A:E,5,FALSE),0),IFERROR(VLOOKUP(I71,'Level Catalog'!A:E,5,FALSE),0),IFERROR(VLOOKUP(J71,'Level Catalog'!A:E,5,FALSE),0),IFERROR(VLOOKUP(K71,'Level Catalog'!A:E,5,FALSE),0),IFERROR(VLOOKUP(L71,'Level Catalog'!A:E,5,FALSE),0),IFERROR(VLOOKUP(M71,'Level Catalog'!A:E,5,FALSE),0),IFERROR(VLOOKUP(N71,'Level Catalog'!A:E,5,FALSE),0),IFERROR(VLOOKUP(O71,'Level Catalog'!A:E,5,FALSE),0),IFERROR(VLOOKUP(P71,'Level Catalog'!A:E,5,FALSE),0),IFERROR(VLOOKUP(Q71,'Level Catalog'!A:E,5,FALSE),0)},{"charttype","line";"linewidth",2;"empty","zero"})
F72: Screens | G72: lvl_109_tutorial_level.png | H72: procedular_reference_large_083.png | I72: procedular_reference_large_084.png | J72: procedular_reference_large_085.png | K72: procedular_reference_large_086.png | L72: procedular_reference_large_087.png | M72: procedular_reference_large_088.png | N72: procedular_reference_large_089.png | O72: procedular_reference_large_090.png | P72: procedular_reference_large_091.png | Q72: procedular_reference_large_082.png
F73: Difficulty | G73: Easy | H73: Hard | I73: Hard | J73: Hard | K73: Hard | L73: Hard | M73: Hard | N73: Hard | O73: Hard | P73: Hard | Q73: Hard
A74: original_10_current | B74: original_progression_10_current | C74: FALSE | D74: FALSE | E74: Original Progression 10 | F74: Original Order | G74: tutorial_level.json | H74: procedular_reference_large_092.json | I74: procedular_reference_large_093.json | J74: procedular_reference_large_094.json | K74: procedular_reference_large_095.json | L74: procedular_reference_large_096.json | M74: procedular_reference_large_097.json | N74: procedular_reference_large_098.json | O74: procedular_reference_large_099.json | P74: procedular_reference_large_101.json | Q74: procedular_reference_large_102.json | R74: =SPARKLINE({IFERROR(VLOOKUP(H74,'Level Catalog'!A:E,5,FALSE),0),IFERROR(VLOOKUP(I74,'Level Catalog'!A:E,5,FALSE),0),IFERROR(VLOOKUP(J74,'Level Catalog'!A:E,5,FALSE),0),IFERROR(VLOOKUP(K74,'Level Catalog'!A:E,5,FALSE),0),IFERROR(VLOOKUP(L74,'Level Catalog'!A:E,5,FALSE),0),IFERROR(VLOOKUP(M74,'Level Catalog'!A:E,5,FALSE),0),IFERROR(VLOOKUP(N74,'Level Catalog'!A:E,5,FALSE),0),IFERROR(VLOOKUP(O74,'Level Catalog'!A:E,5,FALSE),0),IFERROR(VLOOKUP(P74,'Level Catalog'!A:E,5,FALSE),0),IFERROR(VLOOKUP(Q74,'Level Catalog'!A:E,5,FALSE),0)},{"charttype","line";"linewidth",2;"empty","zero"})
F75: Screens | G75: lvl_109_tutorial_level.png | H75: procedular_reference_large_092.png | I75: procedular_reference_large_093.png | J75: procedular_reference_large_094.png | K75: procedular_reference_large_095.png | L75: procedular_reference_large_096.png | M75: procedular_reference_large_097.png | N75: procedular_reference_large_098.png | O75: procedular_reference_large_099.png | P75: procedular_reference_large_101.png | Q75: procedular_reference_large_102.png
F76: Difficulty | G76: Easy | H76: Hard | I76: Hard | J76: Hard | K76: Hard | L76: Hard | M76: Hard | N76: Hard | O76: Hard | P76: Hard | Q76: Hard
A77: original_10_rotate_1 | B77: original_progression_10_rotate_1 | C77: FALSE | D77: FALSE | E77: Original Progression 10 | F77: Rotate +1 | G77: tutorial_level.json | H77: procedular_reference_large_093.json | I77: procedular_reference_large_094.json | J77: procedular_reference_large_095.json | K77: procedular_reference_large_096.json | L77: procedular_reference_large_097.json | M77: procedular_reference_large_098.json | N77: procedular_reference_large_099.json | O77: procedular_reference_large_101.json | P77: procedular_reference_large_102.json | Q77: procedular_reference_large_092.json | R77: =SPARKLINE({IFERROR(VLOOKUP(H77,'Level Catalog'!A:E,5,FALSE),0),IFERROR(VLOOKUP(I77,'Level Catalog'!A:E,5,FALSE),0),IFERROR(VLOOKUP(J77,'Level Catalog'!A:E,5,FALSE),0),IFERROR(VLOOKUP(K77,'Level Catalog'!A:E,5,FALSE),0),IFERROR(VLOOKUP(L77,'Level Catalog'!A:E,5,FALSE),0),IFERROR(VLOOKUP(M77,'Level Catalog'!A:E,5,FALSE),0),IFERROR(VLOOKUP(N77,'Level Catalog'!A:E,5,FALSE),0),IFERROR(VLOOKUP(O77,'Level Catalog'!A:E,5,FALSE),0),IFERROR(VLOOKUP(P77,'Level Catalog'!A:E,5,FALSE),0),IFERROR(VLOOKUP(Q77,'Level Catalog'!A:E,5,FALSE),0)},{"charttype","line";"linewidth",2;"empty","zero"})
F78: Screens | G78: lvl_109_tutorial_level.png | H78: procedular_reference_large_093.png | I78: procedular_reference_large_094.png | J78: procedular_reference_large_095.png | K78: procedular_reference_large_096.png | L78: procedular_reference_large_097.png | M78: procedular_reference_large_098.png | N78: procedular_reference_large_099.png | O78: procedular_reference_large_101.png | P78: procedular_reference_large_102.png | Q78: procedular_reference_large_092.png
F79: Difficulty | G79: Easy | H79: Hard | I79: Hard | J79: Hard | K79: Hard | L79: Hard | M79: Hard | N79: Hard | O79: Hard | P79: Hard | Q79: Hard
A80: liveops_mix_abc_1 | B80: liveops_mix_abc_1 | C80: FALSE | D80: FALSE | E80: Live Ops Mixes | F80: ABC Live Ops Mix 1 | G80: tutorial_level.json | H80: progression1_level1.json | I80: progresion2_level2.json | J80: progression_3_level3.json | K80: slot2_4.json | L80: procedular_reference_large_015.json | M80: procedular_reference_large_026.json | N80: procedular_reference_large_037.json | O80: procedular_reference_large_048.json | P80: procedular_reference_large_059.json | Q80: procedular_reference_large_070.json | R80: =SPARKLINE({IFERROR(VLOOKUP(H80,'Level Catalog'!A:E,5,FALSE),0),IFERROR(VLOOKUP(I80,'Level Catalog'!A:E,5,FALSE),0),IFERROR(VLOOKUP(J80,'Level Catalog'!A:E,5,FALSE),0),IFERROR(VLOOKUP(K80,'Level Catalog'!A:E,5,FALSE),0),IFERROR(VLOOKUP(L80,'Level Catalog'!A:E,5,FALSE),0),IFERROR(VLOOKUP(M80,'Level Catalog'!A:E,5,FALSE),0),IFERROR(VLOOKUP(N80,'Level Catalog'!A:E,5,FALSE),0),IFERROR(VLOOKUP(O80,'Level Catalog'!A:E,5,FALSE),0),IFERROR(VLOOKUP(P80,'Level Catalog'!A:E,5,FALSE),0),IFERROR(VLOOKUP(Q80,'Level Catalog'!A:E,5,FALSE),0)},{"charttype","line";"linewidth",2;"empty","zero"})
F81: Screens | G81: lvl_109_tutorial_level.png | H81: progression1_level1.png | I81: progresion2_level2.png | J81: progression_3_level3.png | K81: slot2_4.png | L81: procedular_reference_large_015.png | M81: procedular_reference_large_026.png | N81: procedular_reference_large_037.png | O81: procedular_reference_large_048.png | P81: procedular_reference_large_059.png | Q81: procedular_reference_large_070.png
F82: Difficulty | G82: Easy | H82: Easy | I82: Easy | J82: Medium | K82: Hard | L82: Hard | M82: Hard | N82: Hard | O82: Hard | P82: Hard | Q82: Hard
A83: liveops_mix_abc_2 | B83: liveops_mix_abc_2 | C83: FALSE | D83: FALSE | E83: Live Ops Mixes | F83: ABC Live Ops Mix 2 | G83: tutorial_level.json | H83: progresion2_level1.json | I83: progression_3_level_2_v2.json | J83: slot2_3.json | K83: procedular_reference_large_014.json | L83: procedular_reference_large_025.json | M83: procedular_reference_large_036.json | N83: procedular_reference_large_047.json | O83: procedular_reference_large_058.json | P83: procedular_reference_large_069.json | Q83: procedular_reference_large_081.json | R83: =SPARKLINE({IFERROR(VLOOKUP(H83,'Level Catalog'!A:E,5,FALSE),0),IFERROR(VLOOKUP(I83,'Level Catalog'!A:E,5,FALSE),0),IFERROR(VLOOKUP(J83,'Level Catalog'!A:E,5,FALSE),0),IFERROR(VLOOKUP(K83,'Level Catalog'!A:E,5,FALSE),0),IFERROR(VLOOKUP(L83,'Level Catalog'!A:E,5,FALSE),0),IFERROR(VLOOKUP(M83,'Level Catalog'!A:E,5,FALSE),0),IFERROR(VLOOKUP(N83,'Level Catalog'!A:E,5,FALSE),0),IFERROR(VLOOKUP(O83,'Level Catalog'!A:E,5,FALSE),0),IFERROR(VLOOKUP(P83,'Level Catalog'!A:E,5,FALSE),0),IFERROR(VLOOKUP(Q83,'Level Catalog'!A:E,5,FALSE),0)},{"charttype","line";"linewidth",2;"empty","zero"})
F84: Screens | G84: lvl_109_tutorial_level.png | H84: progresion2_level1.png | I84: progression_3_level_2_v2.png | J84: slot2_3.png | K84: procedular_reference_large_014.png | L84: procedular_reference_large_025.png | M84: procedular_reference_large_036.png | N84: procedular_reference_large_047.png | O84: procedular_reference_large_058.png | P84: procedular_reference_large_069.png | Q84: procedular_reference_large_081.png
F85: Difficulty | G85: Easy | H85: Easy | I85: Easy | J85: Hard | K85: Hard | L85: Hard | M85: Hard | N85: Hard | O85: Hard | P85: Hard | Q85: Hard
A86: liveops_mix_abc_3 | B86: liveops_mix_abc_3 | C86: FALSE | D86: FALSE | E86: Live Ops Mixes | F86: ABC Live Ops Mix 3 | G86: tutorial_level.json | H86: progression3_level1_v2.json | I86: slot2_2.json | J86: procedular_reference_large_013.json | K86: procedular_reference_large_024.json | L86: procedular_reference_large_035.json | M86: procedular_reference_large_046.json | N86: procedular_reference_large_057.json | O86: procedular_reference_large_068.json | P86: procedular_reference_large_080.json | Q86: procedular_reference_large_091.json | R86: =SPARKLINE({IFERROR(VLOOKUP(H86,'Level Catalog'!A:E,5,FALSE),0),IFERROR(VLOOKUP(I86,'Level Catalog'!A:E,5,FALSE),0),IFERROR(VLOOKUP(J86,'Level Catalog'!A:E,5,FALSE),0),IFERROR(VLOOKUP(K86,'Level Catalog'!A:E,5,FALSE),0),IFERROR(VLOOKUP(L86,'Level Catalog'!A:E,5,FALSE),0),IFERROR(VLOOKUP(M86,'Level Catalog'!A:E,5,FALSE),0),IFERROR(VLOOKUP(N86,'Level Catalog'!A:E,5,FALSE),0),IFERROR(VLOOKUP(O86,'Level Catalog'!A:E,5,FALSE),0),IFERROR(VLOOKUP(P86,'Level Catalog'!A:E,5,FALSE),0),IFERROR(VLOOKUP(Q86,'Level Catalog'!A:E,5,FALSE),0)},{"charttype","line";"linewidth",2;"empty","zero"})
F87: Screens | G87: lvl_109_tutorial_level.png | H87: progression3_level1_v2.png | I87: slot2_2.png | J87: procedular_reference_large_013.png | K87: procedular_reference_large_024.png | L87: procedular_reference_large_035.png | M87: procedular_reference_large_046.png | N87: procedular_reference_large_057.png | O87: procedular_reference_large_068.png | P87: procedular_reference_large_080.png | Q87: procedular_reference_large_091.png
F88: Difficulty | G88: Easy | H88: Easy | I88: Hard | J88: Hard | K88: Hard | L88: Hard | M88: Hard | N88: Hard | O88: Hard | P88: Hard | Q88: Hard

Sheet Level Renames
A1: Occurrence ID | B1: Progression | C1: Position | D1: Ordinal | E1: Screenshot | F1: Current Name | G1: Target Name | H1: Preview Label | I1: Code File | J1: Level Path | K1: Screenshot File | L1: Screenshot Path | M1: Planned File | N1: Rename Pending | O1: Apply Status | P1: Notes
A2: progressionA:01 | B2: Progression A | C2: 1 | D2: 01 | F2: progression1 level1 | H2: 01 · progression1 level1 | I2: progression1_level1.json | J2: /Users/victoria.serrano/Library/CloudStorage/SynologyDrive-back1/misScripts/minigame_locally/levels/progression1_level1.json | K2: progression1_level1.png | L2: /sessions/bold-affectionate-fermi/mnt/minigame_locally/levels/screenshots/progression1_level1.png | M2: progression1_level1.json | N2: FALSE
A3: progressionA:02 | B3: Progression A | C3: 2 | D3: 02 | F3: progresion1 level2 | H3: 02 · progresion1 level2 | I3: progresion1_level2.json | J3: /Users/victoria.serrano/Library/CloudStorage/SynologyDrive-back1/misScripts/minigame_locally/levels/progresion1_level2.json | K3: progresion1_level2.png | L3: /sessions/bold-affectionate-fermi/mnt/minigame_locally/levels/screenshots/progresion1_level2.png | M3: progresion1_level2.json | N3: FALSE
A4: progressionA:03 | B4: Progression A | C4: 3 | D4: 03 | F4: progression1 level3 | H4: 03 · progression1 level3 | I4: progression1_level3.json | J4: /Users/victoria.serrano/Library/CloudStorage/SynologyDrive-back1/misScripts/minigame_locally/levels/progression1_level3.json | K4: progression1_level3.png | L4: /sessions/bold-affectionate-fermi/mnt/minigame_locally/levels/screenshots/progression1_level3.png | M4: progression1_level3.json | N4: FALSE
A5: progressionA:04 | B5: Progression A | C5: 4 | D5: 04 | F5: progression1 level4 | H5: 04 · progression1 level4 | I5: progression1_level4.json | J5: /Users/victoria.serrano/Library/CloudStorage/SynologyDrive-back1/misScripts/minigame_locally/levels/progression1_level4.json | K5: progression1_level4.png | L5: /sessions/bold-affectionate-fermi/mnt/minigame_locally/levels/screenshots/progression1_level4.png | M5: progression1_level4.json | N5: FALSE
A6: progressionA:05 | B6: Progression A | C6: 5 | D6: 05 | F6: progression1 level5 | H6: 05 · progression1 level5 | I6: progression1_level5.json | J6: /Users/victoria.serrano/Library/CloudStorage/SynologyDrive-back1/misScripts/minigame_locally/levels/progression1_level5.json | K6: progression1_level5.png | L6: /sessions/bold-affectionate-fermi/mnt/minigame_locally/levels/screenshots/progression1_level5.png | M6: progression1_level5.json | N6: FALSE
A7: progressionA:06 | B7: Progression A | C7: 6 | D7: 06 | F7: progresion1 level6 | H7: 06 · progresion1 level6 | I7: progresion1_level6.json | J7: /Users/victoria.serrano/Library/CloudStorage/SynologyDrive-back1/misScripts/minigame_locally/levels/progresion1_level6.json | K7: progresion1_level6.png | L7: /sessions/bold-affectionate-fermi/mnt/minigame_locally/levels/screenshots/progresion1_level6.png | M7: progresion1_level6.json | N7: FALSE
A8: progressionA:07 | B8: Progression A | C8: 7 | D8: 07 | F8: progression1 level7 v2 | H8: 07 · progression1 level7 v2 | I8: progression1_level7_v2.json | J8: /Users/victoria.serrano/Library/CloudStorage/SynologyDrive-back1/misScripts/minigame_locally/levels/progression1_level7_v2.json | K8: progression1_level7_v2.png | L8: /sessions/bold-affectionate-fermi/mnt/minigame_locally/levels/screenshots/progression1_level7_v2.png | M8: progression1_level7_v2.json | N8: FALSE
A9: progressionA:08 | B9: Progression A | C9: 8 | D9: 08 | F9: progression1 level8 | H9: 08 · progression1 level8 | I9: progression1_level8.json | J9: /Users/victoria.serrano/Library/CloudStorage/SynologyDrive-back1/misScripts/minigame_locally/levels/progression1_level8.json | K9: progression1_level8.png | L9: /sessions/bold-affectionate-fermi/mnt/minigame_locally/levels/screenshots/progression1_level8.png | M9: progression1_level8.json | N9: FALSE
A10: progressionA:09 | B10: Progression A | C10: 9 | D10: 09 | F10: progression1 level9 | H10: 09 · progression1 level9 | I10: progression1_level9.json | J10: /Users/victoria.serrano/Library/CloudStorage/SynologyDrive-back1/misScripts/minigame_locally/levels/progression1_level9.json | K10: progression1_level9.png | L10: /sessions/bold-affectionate-fermi/mnt/minigame_locally/levels/screenshots/progression1_level9.png | M10: progression1_level9.json | N10: FALSE
A11: progressionA:10 | B11: Progression A | C11: 10 | D11: 10 | F11: progression1 level10 | H11: 10 · progression1 level10 | I11: progression1_level10.json | J11: /Users/victoria.serrano/Library/CloudStorage/SynologyDrive-back1/misScripts/minigame_locally/levels/progression1_level10.json | K11: progression1_level10.png | L11: /sessions/bold-affectionate-fermi/mnt/minigame_locally/levels/screenshots/progression1_level10.png | M11: progression1_level10.json | N11: FALSE
A12: progressionB:01 | B12: Progression B | C12: 1 | D12: 01 | F12: progresion2 level1 | H12: 01 · progresion2 level1 | I12: progresion2_level1.json | J12: /Users/victoria.serrano/Library/CloudStorage/SynologyDrive-back1/misScripts/minigame_locally/levels/progresion2_level1.json | K12: progresion2_level1.png | L12: /sessions/bold-affectionate-fermi/mnt/minigame_locally/levels/screenshots/progresion2_level1.png | M12: progresion2_level1.json | N12: FALSE
A13: progressionB:02 | B13: Progression B | C13: 2 | D13: 02 | F13: progresion2 level2 | H13: 02 · progresion2 level2 | I13: progresion2_level2.json | J13: /Users/victoria.serrano/Library/CloudStorage/SynologyDrive-back1/misScripts/minigame_locally/levels/progresion2_level2.json | K13: progresion2_level2.png | L13: /sessions/bold-affectionate-fermi/mnt/minigame_locally/levels/screenshots/progresion2_level2.png | M13: progresion2_level2.json | N13: FALSE
... A131: progression_13:10 | B131: Procedural 10 | C131: 10 | D131: 10 | F131: procedular reference large 102 | H131: 10 · procedular reference large 102 | I131: procedular_reference_large_102.json | J131: /Users/victoria.serrano/Library/CloudStorage/SynologyDrive-back1/misScripts/minigame_locally/levels/procedular_reference_large_102.json | K131: procedular_reference_large_102.png | L131: /sessions/bold-affectionate-fermi/mnt/minigame_locally/levels/screenshots/procedular_reference_large_102.png | M131: procedular_reference_large_102.json | N131: FALSE

Sheet Level Catalog
A1: File | B1: Display Name | C1: Source Progression | D1: Difficulty | E1: Difficulty Score | F1: Board | G1: Pairs | H1: Blockers | I1: Moves | J1: Status | K1: Screenshot | L1: Saved Path | M1: Grid Compliance
A2: tutorial_level.json | B2: tutorial | C2: Progression A | D2: Easy | E2: 1.083 | F2: 6x6 | G2: 3 | H2: 3 | I2: 8 | J2: OK | K2: lvl_109_tutorial_level.png | L2: /Users/victoria.serrano/Library/CloudStorage/SynologyDrive-back1/misScripts/minigame_locally/levels/tutorial_level.json | M2: OK
A3: progression1_level1.json | B3: progression1 level1 | C3: Progression A | D3: Easy | E3: 1.064 | F3: 5x5 | G3: 4 | H3: 1 | I3: 6 | J3: OK | K3: progression1_level1.png | L3: /Users/victoria.serrano/Library/CloudStorage/SynologyDrive-back1/misScripts/minigame_locally/levels/progression1_level1.json | M3: OK
A4: progresion1_level2.json | B4: progresion1 level2 | C4: Progression A | D4: Easy | E4: 1.053 | F4: 5x5 | G4: 3 | H4: 0 | I4: 5 | J4: OK | K4: progresion1_level2.png | L4: /Users/victoria.serrano/Library/CloudStorage/SynologyDrive-back1/misScripts/minigame_locally/levels/progresion1_level2.json | M4: OK
A5: progression1_level3.json | B5: progression1 level3 | C5: Progression A | D5: Medium | E5: 2.053 | F5: 4x4 | G5: 3 | H5: 1 | I5: 5 | J5: OK | K5: progression1_level3.png | L5: /Users/victoria.serrano/Library/CloudStorage/SynologyDrive-back1/misScripts/minigame_locally/levels/progression1_level3.json | M5: OK
A6: progression1_level4.json | B6: progression1 level4 | C6: Progression A | D6: Easy | E6: 1.075 | F6: 5x5 | G6: 5 | H6: 3 | I6: 7 | J6: OK | K6: progression1_level4.png | L6: /Users/victoria.serrano/Library/CloudStorage/SynologyDrive-back1/misScripts/minigame_locally/levels/progression1_level4.json | M6: OK
A7: progression1_level5.json | B7: progression1 level5 | C7: Progression A | D7: Easy | E7: 1.053 | F7: 4x4 | G7: 3 | H7: 0 | I7: 5 | J7: OK | K7: progression1_level5.png | L7: /Users/victoria.serrano/Library/CloudStorage/SynologyDrive-back1/misScripts/minigame_locally/levels/progression1_level5.json | M7: OK
A8: progresion1_level6.json | B8: progresion1 level6 | C8: Progression A | D8: Medium | E8: 2.065 | F8: 6x6 | G8: 4 | H8: 5 | I8: 6 | J8: OK | K8: progresion1_level6.png | L8: /Users/victoria.serrano/Library/CloudStorage/SynologyDrive-back1/misScripts/minigame_locally/levels/progresion1_level6.json | M8: OK
A9: progression1_level7_v2.json | B9: progression1 level7 v2 | C9: Progression A | D9: Hard | E9: 3.087 | F9: 7x7 | G9: 6 | H9: 6 | I9: 8 | J9: OK | K9: progression1_level7_v2.png | L9: /Users/victoria.serrano/Library/CloudStorage/SynologyDrive-back1/misScripts/minigame_locally/levels/progression1_level7_v2.json | M9: OK
A10: progression1_level8.json | B10: progression1 level8 | C10: Progression A | D10: Easy | E10: 1.074 | F10: 6x6 | G10: 3 | H10: 6 | I10: 7 | J10: OK | K10: progression1_level8.png | L10: /Users/victoria.serrano/Library/CloudStorage/SynologyDrive-back1/misScripts/minigame_locally/levels/progression1_level8.json | M10: OK
A11: progression1_level9.json | B11: progression1 level9 | C11: Progression A | D11: Medium | E11: 2.074 | F11: 5x5 | G11: 4 | H11: 2 | I11: 7 | J11: OK | K11: progression1_level9.png | L11: /Users/victoria.serrano/Library/CloudStorage/SynologyDrive-back1/misScripts/minigame_locally/levels/progression1_level9.json | M11: OK
A12: progression1_level10.json | B12: progression1 level10 | C12: Progression A | D12: Hard | E12: 3.065 | F12: 6x7 | G12: 4 | H12: 7 | I12: 6 | J12: OK | K12: progression1_level10.png | L12: /Users/victoria.serrano/Library/CloudStorage/SynologyDrive-back1/misScripts/minigame_locally/levels/progression1_level10.json | M12: OK
A13: progresion2_level1.json | B13: progresion2 level1 | C13: Progression B | D13: Easy | E13: 1.053 | F13: 5x5 | G13: 2 | H13: 7 | I13: 5 | J13: OK | K13: progresion2_level1.png | L13: /Users/victoria.serrano/Library/CloudStorage/SynologyDrive-back1/misScripts/minigame_locally/levels/progresion2_level1.json | M13: OK
... A132: procedular_reference_large_102.json | B132: procedular reference large 102 | C132: Procedural 10 | D132: Hard | E132: 3.133 | F132: 7x7 | G132: 3 | H132: 0 | I132: 13 | J132: OK | K132: procedular_reference_large_102.png | L132: /Users/victoria.serrano/Library/CloudStorage/SynologyDrive-back1/misScripts/minigame_locally/levels/procedular_reference_large_102.json | M132: OK

Sheet Level Manager state
A1: row_type | B1: saved_at | C1: item_id | D1: progression_key | E1: progression_label | F1: slot | G1: level_file | H1: level_name | I1: difficulty | J1: board | K1: pairs | L1: blockers | M1: moves | N1: status | O1: changed | P1: notes | Q1: source_path | R1: saved_path | S1: Grid Compliance
A2: slot | D2: progressionA | E2: Progression A | F2: 0 | G2: tutorial_level.json | H2: tutorial | I2: EASY | J2: 6x6 | K2: 3 | L2: 3 | M2: 8 | N2: OK | O2: Yes | P2: Tutorial slot | Q2: minigame_locally/levels/tutorial_level.json | R2: /Users/victoria.serrano/Library/CloudStorage/SynologyDrive-back1/misScripts/minigame_locally/levels/tutorial_level.json | S2: OK
A3: slot | D3: progressionA | E3: Progression A | F3: 1 | G3: progression1_level1.json | H3: progression1 level1 | I3: EASY | J3: 5x5 | K3: 4 | L3: 1 | M3: 6 | N3: OK | O3: Yes | Q3: minigame_locally/levels/progression1_level1.json | R3: /Users/victoria.serrano/Library/CloudStorage/SynologyDrive-back1/misScripts/minigame_locally/levels/progression1_level1.json | S3: OK
A4: slot | D4: progressionA | E4: Progression A | F4: 2 | G4: progresion1_level2.json | H4: progresion1 level2 | I4: EASY | J4: 5x5 | K4: 3 | L4: 0 | M4: 5 | N4: OK | O4: Yes | Q4: minigame_locally/levels/progresion1_level2.json | R4: /Users/victoria.serrano/Library/CloudStorage/SynologyDrive-back1/misScripts/minigame_locally/levels/progresion1_level2.json | S4: OK
A5: slot | D5: progressionA | E5: Progression A | F5: 3 | G5: progression1_level3.json | H5: progression1 level3 | I5: MEDIUM | J5: 4x4 | K5: 3 | L5: 1 | M5: 5 | N5: OK | O5: Yes | Q5: minigame_locally/levels/progression1_level3.json | R5: /Users/victoria.serrano/Library/CloudStorage/SynologyDrive-back1/misScripts/minigame_locally/levels/progression1_level3.json | S5: OK
A6: slot | D6: progressionA | E6: Progression A | F6: 4 | G6: progression1_level4.json | H6: progression1 level4 | I6: EASY | J6: 5x5 | K6: 5 | L6: 3 | M6: 7 | N6: OK | O6: Yes | Q6: minigame_locally/levels/progression1_level4.json | R6: /Users/victoria.serrano/Library/CloudStorage/SynologyDrive-back1/misScripts/minigame_locally/levels/progression1_level4.json | S6: OK
A7: slot | D7: progressionA | E7: Progression A | F7: 5 | G7: progression1_level5.json | H7: progression1 level5 | I7: EASY | J7: 4x4 | K7: 3 | L7: 0 | M7: 5 | N7: OK | O7: Yes | Q7: minigame_locally/levels/progression1_level5.json | R7: /Users/victoria.serrano/Library/CloudStorage/SynologyDrive-back1/misScripts/minigame_locally/levels/progression1_level5.json | S7: OK
A8: slot | D8: progressionA | E8: Progression A | F8: 6 | G8: progresion1_level6.json | H8: progresion1 level6 | I8: MEDIUM | J8: 6x6 | K8: 4 | L8: 5 | M8: 6 | N8: OK | O8: Yes | Q8: minigame_locally/levels/progresion1_level6.json | R8: /Users/victoria.serrano/Library/CloudStorage/SynologyDrive-back1/misScripts/minigame_locally/levels/progresion1_level6.json | S8: OK
A9: slot | D9: progressionA | E9: Progression A | F9: 7 | G9: progression1_level7_v2.json | H9: progression1 level7 v2 | I9: HARD | J9: 7x7 | K9: 6 | L9: 6 | M9: 8 | N9: OK | O9: Yes | Q9: minigame_locally/levels/progression1_level7_v2.json | R9: /Users/victoria.serrano/Library/CloudStorage/SynologyDrive-back1/misScripts/minigame_locally/levels/progression1_level7_v2.json | S9: OK
A10: slot | D10: progressionA | E10: Progression A | F10: 8 | G10: progression1_level8.json | H10: progression1 level8 | I10: EASY | J10: 6x6 | K10: 3 | L10: 6 | M10: 7 | N10: OK | O10: Yes | Q10: minigame_locally/levels/progression1_level8.json | R10: /Users/victoria.serrano/Library/CloudStorage/SynologyDrive-back1/misScripts/minigame_locally/levels/progression1_level8.json | S10: OK
A11: slot | D11: progressionA | E11: Progression A | F11: 9 | G11: progression1_level9.json | H11: progression1 level9 | I11: MEDIUM | J11: 5x5 | K11: 4 | L11: 2 | M11: 7 | N11: OK | O11: Yes | Q11: minigame_locally/levels/progression1_level9.json | R11: /Users/victoria.serrano/Library/CloudStorage/SynologyDrive-back1/misScripts/minigame_locally/levels/progression1_level9.json | S11: OK
A12: slot | D12: progressionA | E12: Progression A | F12: 10 | G12: progression1_level10.json | H12: progression1 level10 | I12: HARD | J12: 6x7 | K12: 4 | L12: 7 | M12: 6 | N12: OK | O12: Yes | Q12: minigame_locally/levels/progression1_level10.json | R12: /Users/victoria.serrano/Library/CloudStorage/SynologyDrive-back1/misScripts/minigame_locally/levels/progression1_level10.json | S12: OK
A13: slot | D13: progressionB | E13: Progression B | F13: 0 | G13: tutorial_level.json | H13: tutorial | I13: EASY | J13: 6x6 | K13: 3 | L13: 3 | M13: 8 | N13: OK | O13: Yes | P13: Tutorial slot | Q13: minigame_locally/levels/tutorial_level.json | R13: /Users/victoria.serrano/Library/CloudStorage/SynologyDrive-back1/misScripts/minigame_locally/levels/tutorial_level.json | S13: OK
A14: slot | D14: progressionB | E14: Progression B | F14: 1 | G14: progresion2_level1.json | H14: progresion2 level1 | I14: EASY | J14: 5x5 | K14: 2 | L14: 7 | M14: 5 | N14: OK | O14: Yes | Q14: minigame_locally/levels/progresion2_level1.json | R14: /Users/victoria.serrano/Library/CloudStorage/SynologyDrive-back1/misScripts/minigame_locally/levels/progresion2_level1.json | S14: OK
A15: slot | D15: progressionB | E15: Progression B | F15: 2 | G15: progresion2_level2.json | H15: progresion2 level2 | I15: EASY | J15: 4x4 | K15: 3 | L15: 2 | M15: 6 | N15: OK | O15: Yes | Q15: minigame_locally/levels/progresion2_level2.json | R15: /Users/victoria.serrano/Library/CloudStorage/SynologyDrive-back1/misScripts/minigame_locally/levels/progresion2_level2.json | S15: OK
A16: slot | D16: progressionB | E16: Progression B | F16: 3 | G16: progresion2_level3.json | H16: progresion2 level3 | I16: MEDIUM | J16: 6x6 | K16: 4 | L16: 6 | M16: 6 | N16: OK | O16: Yes | Q16: minigame_locally/levels/progresion2_level3.json | R16: /Users/victoria.serrano/Library/CloudStorage/SynologyDrive-back1/misScripts/minigame_locally/levels/progresion2_level3.json | S16: OK
A17: slot | D17: progressionB | E17: Progression B | F17: 4 | G17: progresion2_level4.json | H17: progresion2 level4 | I17: HARD | J17: 7x7 | K17: 4 | L17: 3 | M17: 6 | N17: INVALID | O17: Yes | Q17: minigame_locally/levels/progresion2_level4.json | R17: /Users/victoria.serrano/Library/CloudStorage/SynologyDrive-back1/misScripts/minigame_locally/levels/progresion2_level4.json | S17: OK
A18: slot | D18: progressionB | E18: Progression B | F18: 5 | G18: progresion2_level5.json | H18: progresion2 level5 | I18: EASY | J18: 7x7 | K18: 4 | L18: 10 | M18: 5 | N18: OK | O18: Yes | Q18: minigame_locally/levels/progresion2_level5.json | R18: /Users/victoria.serrano/Library/CloudStorage/SynologyDrive-back1/misScripts/minigame_locally/levels/progresion2_level5.json | S18: OK
A19: slot | D19: progressionB | E19: Progression B | F19: 6 | G19: progresion2_level6.json | H19: progresion2 level6 | I19: MEDIUM | J19: 6x6 | K19: 3 | L19: 4 | M19: 5 | N19: OK | O19: Yes | Q19: minigame_locally/levels/progresion2_level6.json | R19: /Users/victoria.serrano/Library/CloudStorage/SynologyDrive-back1/misScripts/minigame_locally/levels/progresion2_level6.json | S19: OK
A20: slot | D20: progressionB | E20: Progression B | F20: 7 | G20: progresion2_level7.json | H20: progresion2 level7 | I20: HARD | J20: 8x9 | K20: 8 | L20: 6 | M20: 9 | N20: OK | O20: Yes | Q20: minigame_locally/levels/progresion2_level7.json | R20: /Users/victoria.serrano/Library/CloudStorage/SynologyDrive-back1/misScripts/minigame_locally/levels/progresion2_level7.json | S20: OVERSIZED
A21: slot | D21: progressionB | E21: Progression B | F21: 8 | G21: progresion2_level8.json | H21: progresion2 level8 | I21: EASY | J21: 8x8 | K21: 7 | L21: 1 | M21: 0 | N21: INVALID | O21: Yes | Q21: minigame_locally/levels/progresion2_level8.json | R21: /Users/victoria.serrano/Library/CloudStorage/SynologyDrive-back1/misScripts/minigame_locally/levels/progresion2_level8.json | S21: OVERSIZED
A22: slot | D22: progressionB | E22: Progression B | F22: 9 | G22: progresion2_level9.json | H22: progresion2 level9 | I22: MEDIUM | J22: 8x8 | K22: 6 | L22: 7 | M22: 7 | N22: OK | O22: Yes | Q22: minigame_locally/levels/progresion2_level9.json | R22: /Users/victoria.serrano/Library/CloudStorage/SynologyDrive-back1/misScripts/minigame_locally/levels/progresion2_level9.json | S22: OVERSIZED
A23: slot | D23: progressionB | E23: Progression B | F23: 10 | G23: progresion2_level10.json | H23: progresion2 level10 | I23: HARD | J23: 8x8 | K23: 5 | L23: 7 | M23: 6 | N23: INVALID | O23: Yes | Q23: minigame_locally/levels/progresion2_level10.json | R23: /Users/victoria.serrano/Library/CloudStorage/SynologyDrive-back1/misScripts/minigame_locally/levels/progresion2_level10.json | S23: OVERSIZED
A24: slot | D24: progressionC | E24: Progression C | F24: 0 | G24: tutorial_level.json | H24: tutorial | I24: EASY | J24: 6x6 | K24: 3 | L24: 3 | M24: 8 | N24: OK | O24: Yes | P24: Tutorial slot | Q24: minigame_locally/levels/tutorial_level.json | R24: /Users/victoria.serrano/Library/CloudStorage/SynologyDrive-back1/misScripts/minigame_locally/levels/tutorial_level.json | S24: OK
A25: slot | D25: progressionC | E25: Progression C | F25: 1 | G25: progression3_level1_v2.json | H25: progression3 level1 v2 | I25: EASY | J25: 5x5 | K25: 6 | L25: 3 | M25: 8 | N25: OK | O25: Yes | Q25: minigame_locally/levels/progression3_level1_v2.json | R25: /Users/victoria.serrano/Library/CloudStorage/SynologyDrive-back1/misScripts/minigame_locally/levels/progression3_level1_v2.json | S25: OK
A26: slot | D26: progressionC | E26: Progression C | F26: 2 | G26: progression_3_level_2_v2.json | H26: progression 3 level 2 v2 | I26: EASY | J26: 6x6 | K26: 6 | L26: 10 | M26: 8 | N26: OK | O26: Yes | Q26: minigame_locally/levels/progression_3_level_2_v2.json | R26: /Users/victoria.serrano/Library/CloudStorage/SynologyDrive-back1/misScripts/minigame_locally/levels/progression_3_level_2_v2.json | S26: OK
A27: slot | D27: progressionC | E27: Progression C | F27: 3 | G27: progression_3_level3.json | H27: progression 3 level3 | I27: MEDIUM | J27: 8x7 | K27: 3 | L27: 9 | M27: 6 | N27: OK | O27: Yes | Q27: minigame_locally/levels/progression_3_level3.json | R27: /Users/victoria.serrano/Library/CloudStorage/SynologyDrive-back1/misScripts/minigame_locally/levels/progression_3_level3.json | S27: OK
A28: slot | D28: progressionC | E28: Progression C | F28: 4 | G28: progression_3_level4.json | H28: progression 3 level4 | I28: EASY | J28: 7x7 | K28: 4 | L28: 10 | M28: 7 | N28: OK | O28: Yes | Q28: minigame_locally/levels/progression_3_level4.json | R28: /Users/victoria.serrano/Library/CloudStorage/SynologyDrive-back1/misScripts/minigame_locally/levels/progression_3_level4.json | S28: OK
A29: slot | D29: progressionC | E29: Progression C | F29: 5 | G29: progression_3_level5.json | H29: progression 3 level5 | I29: MEDIUM | J29: 6x6 | K29: 4 | L29: 4 | M29: 8 | N29: OK | O29: Yes | Q29: minigame_locally/levels/progression_3_level5.json | R29: /Users/victoria.serrano/Library/CloudStorage/SynologyDrive-back1/misScripts/minigame_locally/levels/progression_3_level5.json | S29: OK
A30: slot | D30: progressionC | E30: Progression C | F30: 6 | G30: progression_3_level6.json | H30: progression 3 level6 | I30: EASY | J30: 8x8 | K30: 5 | L30: 4 | M30: 9 | N30: INVALID | O30: Yes | Q30: minigame_locally/levels/progression_3_level6.json | R30: /Users/victoria.serrano/Library/CloudStorage/SynologyDrive-back1/misScripts/minigame_locally/levels/progression_3_level6.json | S30: OVERSIZED
A31: slot | D31: progressionC | E31: Progression C | F31: 7 | G31: progression_3_level7_v2.json | H31: progression 3 level7 v2 | I31: MEDIUM | J31: 8x8 | K31: 6 | L31: 1 | M31: 6 | N31: INVALID | O31: Yes | Q31: minigame_locally/levels/progression_3_level7_v2.json | R31: /Users/victoria.serrano/Library/CloudStorage/SynologyDrive-back1/misScripts/minigame_locally/levels/progression_3_level7_v2.json | S31: OVERSIZED
A32: slot | D32: progressionC | E32: Progression C | F32: 8 | G32: progression_3_level_8_v2.json | H32: progression 3 level 8 v2 | I32: EASY | J32: 8x9 | K32: 6 | L32: 11 | M32: 8 | N32: INVALID | O32: Yes | Q32: minigame_locally/levels/progression_3_level_8_v2.json | R32: /Users/victoria.serrano/Library/CloudStorage/SynologyDrive-back1/misScripts/minigame_locally/levels/progression_3_level_8_v2.json | S32: OVERSIZED
A33: slot | D33: progressionC | E33: Progression C | F33: 9 | G33: progression_3_level9_v2.json | H33: progression 3 level9 v2 | I33: MEDIUM | J33: 9x9 | K33: 9 | L33: 12 | M33: 6 | N33: OK | O33: Yes | Q33: minigame_locally/levels/progression_3_level9_v2.json | R33: /Users/victoria.serrano/Library/CloudStorage/SynologyDrive-back1/misScripts/minigame_locally/levels/progression_3_level9_v2.json | S33: OVERSIZED
A34: slot | D34: progressionC | E34: Progression C | F34: 10 | G34: progression_3_level10_v2.json | H34: progression 3 level10 v2 | I34: HARD | J34: 9x9 | K34: 8 | L34: 5 | M34: 9 | N34: OK | O34: Yes | Q34: minigame_locally/levels/progression_3_level10_v2.json | R34: /Users/victoria.serrano/Library/CloudStorage/SynologyDrive-back1/misScripts/minigame_locally/levels/progression_3_level10_v2.json | S34: OVERSIZED
A35: slot | D35: progression_4 | E35: Procedural 1 | F35: 0 | G35: tutorial_level.json | H35: tutorial | I35: EASY | J35: 6x6 | K35: 3 | L35: 3 | M35: 8 | N35: OK | O35: Yes | P35: Tutorial slot | Q35: minigame_locally/levels/tutorial_level.json | R35: /Users/victoria.serrano/Library/CloudStorage/SynologyDrive-back1/misScripts/minigame_locally/levels/tutorial_level.json | S35: OK
A36: slot | D36: progression_4 | E36: Procedural 1 | F36: 1 | G36: slot2_1.json | H36: slot2 1 | I36: EASY | J36: 7x7 | K36: 5 | L36: 8 | M36: 7 | N36: OK | O36: Yes | Q36: minigame_locally/levels/slot2_1.json | R36: /Users/victoria.serrano/Library/CloudStorage/SynologyDrive-back1/misScripts/minigame_locally/levels/slot2_1.json | S36: OK
A37: slot | D37: progression_4 | E37: Procedural 1 | F37: 2 | G37: slot2_2.json | H37: slot2 2 | I37: HARD | J37: 8x8 | K37: 6 | L37: 8 | M37: 8 | N37: OK | O37: Yes | Q37: minigame_locally/levels/slot2_2.json | R37: /Users/victoria.serrano/Library/CloudStorage/SynologyDrive-back1/misScripts/minigame_locally/levels/slot2_2.json | S37: OVERSIZED
A38: slot | D38: progression_4 | E38: Procedural 1 | F38: 3 | G38: slot2_3.json | H38: slot2 3 | I38: HARD | J38: 7x7 | K38: 4 | L38: 6 | M38: 9 | N38: OK | O38: Yes | Q38: minigame_locally/levels/slot2_3.json | R38: /Users/victoria.serrano/Library/CloudStorage/SynologyDrive-back1/misScripts/minigame_locally/levels/slot2_3.json | S38: OK
A39: slot | D39: progression_4 | E39: Procedural 1 | F39: 4 | G39: slot2_4.json | H39: slot2 4 | I39: HARD | J39: 7x7 | K39: 5 | L39: 8 | M39: 8 | N39: OK | O39: Yes | Q39: minigame_locally/levels/slot2_4.json | R39: /Users/victoria.serrano/Library/CloudStorage/SynologyDrive-back1/misScripts/minigame_locally/levels/slot2_4.json | S39: OK
A40: slot | D40: progression_4 | E40: Procedural 1 | F40: 5 | G40: procedular_reference_large_005.json | H40: procedular reference large 005 | I40: HARD | J40: 7x7 | K40: 3 | L40: 9 | M40: 14 | N40: OK | O40: Yes | Q40: minigame_locally/levels/procedular_reference_large_005.json | R40: /Users/victoria.serrano/Library/CloudStorage/SynologyDrive-back1/misScripts/minigame_locally/levels/procedular_reference_large_005.json | S40: OK
A41: slot | D41: progression_4 | E41: Procedural 1 | F41: 6 | G41: procedular_reference_large_006.json | H41: procedular reference large 006 | I41: HARD | J41: 7x7 | K41: 3 | L41: 9 | M41: 14 | N41: OK | O41: Yes | Q41: minigame_locally/levels/procedular_reference_large_006.json | R41: /Users/victoria.serrano/Library/CloudStorage/SynologyDrive-back1/misScripts/minigame_locally/levels/procedular_reference_large_006.json | S41: OK
A42: slot | D42: progression_4 | E42: Procedural 1 | F42: 7 | G42: procedular_reference_large_007.json | H42: procedular reference large 007 | I42: HARD | J42: 7x7 | K42: 3 | L42: 9 | M42: 14 | N42: OK | O42: Yes | Q42: minigame_locally/levels/procedular_reference_large_007.json | R42: /Users/victoria.serrano/Library/CloudStorage/SynologyDrive-back1/misScripts/minigame_locally/levels/procedular_reference_large_007.json | S42: OK
A43: slot | D43: progression_4 | E43: Procedural 1 | F43: 8 | G43: procedular_reference_large_008.json | H43: procedular reference large 008 | I43: HARD | J43: 7x7 | K43: 3 | L43: 9 | M43: 14 | N43: OK | O43: Yes | Q43: minigame_locally/levels/procedular_reference_large_008.json | R43: /Users/victoria.serrano/Library/CloudStorage/SynologyDrive-back1/misScripts/minigame_locally/levels/procedular_reference_large_008.json | S43: OK
A44: slot | D44: progression_4 | E44: Procedural 1 | F44: 9 | G44: procedular_reference_large_009.json | H44: procedular reference large 009 | I44: HARD | J44: 7x7 | K44: 3 | L44: 9 | M44: 14 | N44: OK | O44: Yes | Q44: minigame_locally/levels/procedular_reference_large_009.json | R44: /Users/victoria.serrano/Library/CloudStorage/SynologyDrive-back1/misScripts/minigame_locally/levels/procedular_reference_large_009.json | S44: OK
A45: slot | D45: progression_4 | E45: Procedural 1 | F45: 10 | G45: procedular_reference_large_010.json | H45: procedular reference large 010 | I45: HARD | J45: 7x7 | K45: 3 | L45: 9 | M45: 14 | N45: OK | O45: Yes | Q45: minigame_locally/levels/procedular_reference_large_010.json | R45: /Users/victoria.serrano/Library/CloudStorage/SynologyDrive-back1/misScripts/minigame_locally/levels/procedular_reference_large_010.json | S45: OK
A46: slot | D46: progression_5 | E46: Procedural 2 | F46: 0 | G46: tutorial_level.json | H46: tutorial | I46: EASY | J46: 6x6 | K46: 3 | L46: 3 | M46: 8 | N46: OK | O46: Yes | P46: Tutorial slot | Q46: minigame_locally/levels/tutorial_level.json | R46: /Users/victoria.serrano/Library/CloudStorage/SynologyDrive-back1/misScripts/minigame_locally/levels/tutorial_level.json | S46: OK
A47: slot | D47: progression_5 | E47: Procedural 2 | F47: 1 | G47: procedular_reference_large_011.json | H47: procedular reference large 011 | I47: HARD | J47: 7x7 | K47: 3 | L47: 9 | M47: 3 | N47: OK | O47: Yes | Q47: minigame_locally/levels/procedular_reference_large_011.json | R47: /Users/victoria.serrano/Library/CloudStorage/SynologyDrive-back1/misScripts/minigame_locally/levels/procedular_reference_large_011.json | S47: OK
A48: slot | D48: progression_5 | E48: Procedural 2 | F48: 2 | G48: procedular_reference_large_012.json | H48: procedular reference large 012 | I48: HARD | J48: 7x7 | K48: 4 | L48: 9 | M48: 19 | N48: OK | O48: Yes | Q48: minigame_locally/levels/procedular_reference_large_012.json | R48: /Users/victoria.serrano/Library/CloudStorage/SynologyDrive-back1/misScripts/minigame_locally/levels/procedular_reference_large_012.json | S48: OK
A49: slot | D49: progression_5 | E49: Procedural 2 | F49: 3 | G49: procedular_reference_large_013.json | H49: procedular reference large 013 | I49: HARD | J49: 8x8 | K49: 3 | L49: 11 | M49: 23 | N49: OK | O49: Yes | Q49: minigame_locally/levels/procedular_reference_large_013.json | R49: /Users/victoria.serrano/Library/CloudStorage/SynologyDrive-back1/misScripts/minigame_locally/levels/procedular_reference_large_013.json | S49: OVERSIZED
A50: slot | D50: progression_5 | E50: Procedural 2 | F50: 4 | G50: procedular_reference_large_014.json | H50: procedular reference large 014 | I50: HARD | J50: 8x8 | K50: 3 | L50: 11 | M50: 20 | N50: OK | O50: Yes | Q50: minigame_locally/levels/procedular_reference_large_014.json | R50: /Users/victoria.serrano/Library/CloudStorage/SynologyDrive-back1/misScripts/minigame_locally/levels/procedular_reference_large_014.json | S50: OVERSIZED
A51: slot | D51: progression_5 | E51: Procedural 2 | F51: 5 | G51: procedular_reference_large_015.json | H51: procedular reference large 015 | I51: HARD | J51: 8x8 | K51: 4 | L51: 11 | M51: 26 | N51: OK | O51: Yes | Q51: minigame_locally/levels/procedular_reference_large_015.json | R51: /Users/victoria.serrano/Library/CloudStorage/SynologyDrive-back1/misScripts/minigame_locally/levels/procedular_reference_large_015.json | S51: OVERSIZED
A52: slot | D52: progression_5 | E52: Procedural 2 | F52: 6 | G52: procedular_reference_large_016.json | H52: procedular reference large 016 | I52: HARD | J52: 7x7 | K52: 3 | L52: 9 | M52: 14 | N52: OK | O52: Yes | Q52: minigame_locally/levels/procedular_reference_large_016.json | R52: /Users/victoria.serrano/Library/CloudStorage/SynologyDrive-back1/misScripts/minigame_locally/levels/procedular_reference_large_016.json | S52: OK
A53: slot | D53: progression_5 | E53: Procedural 2 | F53: 7 | G53: procedular_reference_large_017.json | H53: procedular reference large 017 | I53: HARD | J53: 7x7 | K53: 3 | L53: 9 | M53: 13 | N53: OK | O53: Yes | Q53: minigame_locally/levels/procedular_reference_large_017.json | R53: /Users/victoria.serrano/Library/CloudStorage/SynologyDrive-back1/misScripts/minigame_locally/levels/procedular_reference_large_017.json | S53: OK
A54: slot | D54: progression_5 | E54: Procedural 2 | F54: 8 | G54: procedular_reference_large_018.json | H54: procedular reference large 018 | I54: HARD | J54: 8x8 | K54: 4 | L54: 11 | M54: 24 | N54: OK | O54: Yes | Q54: minigame_locally/levels/procedular_reference_large_018.json | R54: /Users/victoria.serrano/Library/CloudStorage/SynologyDrive-back1/misScripts/minigame_locally/levels/procedular_reference_large_018.json | S54: OVERSIZED
A55: slot | D55: progression_5 | E55: Procedural 2 | F55: 9 | G55: procedular_reference_large_019.json | H55: procedular reference large 019 | I55: HARD | J55: 7x7 | K55: 3 | L55: 9 | M55: 14 | N55: OK | O55: Yes | Q55: minigame_locally/levels/procedular_reference_large_019.json | R55: /Users/victoria.serrano/Library/CloudStorage/SynologyDrive-back1/misScripts/minigame_locally/levels/procedular_reference_large_019.json | S55: OK
A56: slot | D56: progression_5 | E56: Procedural 2 | F56: 10 | G56: procedular_reference_large_020.json | H56: procedular reference large 020 | I56: HARD | J56: 7x7 | K56: 3 | L56: 9 | M56: 13 | N56: OK | O56: Yes | Q56: minigame_locally/levels/procedular_reference_large_020.json | R56: /Users/victoria.serrano/Library/CloudStorage/SynologyDrive-back1/misScripts/minigame_locally/levels/procedular_reference_large_020.json | S56: OK
A57: slot | D57: progression_6 | E57: Procedural 3 | F57: 0 | G57: tutorial_level.json | H57: tutorial | I57: EASY | J57: 6x6 | K57: 3 | L57: 3 | M57: 8 | N57: OK | O57: Yes | P57: Tutorial slot | Q57: minigame_locally/levels/tutorial_level.json | R57: /Users/victoria.serrano/Library/CloudStorage/SynologyDrive-back1/misScripts/minigame_locally/levels/tutorial_level.json | S57: OK
A58: slot | D58: progression_6 | E58: Procedural 3 | F58: 1 | G58: procedular_reference_large_021.json | H58: procedular reference large 021 | I58: HARD | J58: 8x8 | K58: 4 | L58: 11 | M58: 19 | N58: OK | O58: Yes | Q58: minigame_locally/levels/procedular_reference_large_021.json | R58: /Users/victoria.serrano/Library/CloudStorage/SynologyDrive-back1/misScripts/minigame_locally/levels/procedular_reference_large_021.json | S58: OVERSIZED
A59: slot | D59: progression_6 | E59: Procedural 3 | F59: 2 | G59: procedular_reference_large_022.json | H59: procedular reference large 022 | I59: HARD | J59: 7x7 | K59: 3 | L59: 9 | M59: 3 | N59: OK | O59: Yes | Q59: minigame_locally/levels/procedular_reference_large_022.json | R59: /Users/victoria.serrano/Library/CloudStorage/SynologyDrive-back1/misScripts/minigame_locally/levels/procedular_reference_large_022.json | S59: OK
A60: slot | D60: progression_6 | E60: Procedural 3 | F60: 3 | G60: procedular_reference_large_023.json | H60: procedular reference large 023 | I60: HARD | J60: 7x7 | K60: 3 | L60: 9 | M60: 13 | N60: OK | O60: Yes | Q60: minigame_locally/levels/procedular_reference_large_023.json | R60: /Users/victoria.serrano/Library/CloudStorage/SynologyDrive-back1/misScripts/minigame_locally/levels/procedular_reference_large_023.json | S60: OK
A61: slot | D61: progression_6 | E61: Procedural 3 | F61: 4 | G61: procedular_reference_large_024.json | H61: procedular reference large 024 | I61: HARD | J61: 8x8 | K61: 4 | L61: 11 | M61: 30 | N61: OK | O61: Yes | Q61: minigame_locally/levels/procedular_reference_large_024.json | R61: /Users/victoria.serrano/Library/CloudStorage/SynologyDrive-back1/misScripts/minigame_locally/levels/procedular_reference_large_024.json | S61: OVERSIZED
A62: slot | D62: progression_6 | E62: Procedural 3 | F62: 5 | G62: procedular_reference_large_025.json | H62: procedular reference large 025 | I62: HARD | J62: 8x8 | K62: 3 | L62: 11 | M62: 20 | N62: OK | O62: Yes | Q62: minigame_locally/levels/procedular_reference_large_025.json | R62: /Users/victoria.serrano/Library/CloudStorage/SynologyDrive-back1/misScripts/minigame_locally/levels/procedular_reference_large_025.json | S62: OVERSIZED
A63: slot | D63: progression_6 | E63: Procedural 3 | F63: 6 | G63: procedular_reference_large_026.json | H63: procedular reference large 026 | I63: HARD | J63: 8x8 | K63: 3 | L63: 11 | M63: 19 | N63: OK | O63: Yes | Q63: minigame_locally/levels/procedular_reference_large_026.json | R63: /Users/victoria.serrano/Library/CloudStorage/SynologyDrive-back1/misScripts/minigame_locally/levels/procedular_reference_large_026.json | S63: OVERSIZED
A64: slot | D64: progression_6 | E64: Procedural 3 | F64: 7 | G64: procedular_reference_large_027.json | H64: procedular reference large 027 | I64: HARD | J64: 7x7 | K64: 4 | L64: 9 | M64: 19 | N64: OK | O64: Yes | Q64: minigame_locally/levels/procedular_reference_large_027.json | R64: /Users/victoria.serrano/Library/CloudStorage/SynologyDrive-back1/misScripts/minigame_locally/levels/procedular_reference_large_027.json | S64: OK
A65: slot | D65: progression_6 | E65: Procedural 3 | F65: 8 | G65: procedular_reference_large_028.json | H65: procedular reference large 028 | I65: HARD | J65: 7x7 | K65: 3 | L65: 9 | M65: 13 | N65: OK | O65: Yes | Q65: minigame_locally/levels/procedular_reference_large_028.json | R65: /Users/victoria.serrano/Library/CloudStorage/SynologyDrive-back1/misScripts/minigame_locally/levels/procedular_reference_large_028.json | S65: OK
A66: slot | D66: progression_6 | E66: Procedural 3 | F66: 9 | G66: procedular_reference_large_029.json | H66: procedular reference large 029 | I66: HARD | J66: 8x8 | K66: 3 | L66: 11 | M66: 17 | N66: OK | O66: Yes | Q66: minigame_locally/levels/procedular_reference_large_029.json | R66: /Users/victoria.serrano/Library/CloudStorage/SynologyDrive-back1/misScripts/minigame_locally/levels/procedular_reference_large_029.json | S66: OVERSIZED
A67: slot | D67: progression_6 | E67: Procedural 3 | F67: 10 | G67: procedular_reference_large_030.json | H67: procedular reference large 030 | I67: HARD | J67: 7x7 | K67: 4 | L67: 9 | M67: 20 | N67: OK | O67: Yes | Q67: minigame_locally/levels/procedular_reference_large_030.json | R67: /Users/victoria.serrano/Library/CloudStorage/SynologyDrive-back1/misScripts/minigame_locally/levels/procedular_reference_large_030.json | S67: OK
A68: slot | D68: progression_7 | E68: Procedural 4 | F68: 0 | G68: tutorial_level.json | H68: tutorial | I68: EASY | J68: 6x6 | K68: 3 | L68: 3 | M68: 8 | N68: OK | O68: Yes | P68: Tutorial slot | Q68: minigame_locally/levels/tutorial_level.json | R68: /Users/victoria.serrano/Library/CloudStorage/SynologyDrive-back1/misScripts/minigame_locally/levels/tutorial_level.json | S68: OK
A69: slot | D69: progression_7 | E69: Procedural 4 | F69: 1 | G69: procedural_2_level_1_new_20260322234743.json | H69: procedural 2 level 1 new 20260322234743 | I69: HARD | J69: 7x7 | K69: 2 | L69: 5 | M69: 15 | N69: OK | O69: Yes | Q69: minigame_locally/levels/procedural_2_level_1_new_20260322234743.json | R69: /Users/victoria.serrano/Library/CloudStorage/SynologyDrive-back1/misScripts/minigame_locally/levels/procedural_2_level_1_new_20260322234743.json | S69: OK
A70: slot | D70: progression_7 | E70: Procedural 4 | F70: 2 | G70: procedular_reference_large_032.json | H70: procedular reference large 032 | I70: HARD | J70: 8x8 | K70: 3 | L70: 11 | M70: 12 | N70: OK | O70: Yes | Q70: minigame_locally/levels/procedular_reference_large_032.json | R70: /Users/victoria.serrano/Library/CloudStorage/SynologyDrive-back1/misScripts/minigame_locally/levels/procedular_reference_large_032.json | S70: OVERSIZED
A71: slot | D71: progression_7 | E71: Procedural 4 | F71: 3 | G71: procedular_reference_large_033.json | H71: procedular reference large 033 | I71: HARD | J71: 7x7 | K71: 4 | L71: 9 | M71: 9 | N71: OK | O71: Yes | Q71: minigame_locally/levels/procedular_reference_large_033.json | R71: /Users/victoria.serrano/Library/CloudStorage/SynologyDrive-back1/misScripts/minigame_locally/levels/procedular_reference_large_033.json | S71: OK
A72: slot | D72: progression_7 | E72: Procedural 4 | F72: 4 | G72: procedular_reference_large_034.json | H72: procedular reference large 034 | I72: HARD | J72: 7x7 | K72: 3 | L72: 9 | M72: 13 | N72: OK | O72: Yes | Q72: minigame_locally/levels/procedular_reference_large_034.json | R72: /Users/victoria.serrano/Library/CloudStorage/SynologyDrive-back1/misScripts/minigame_locally/levels/procedular_reference_large_034.json | S72: OK
A73: slot | D73: progression_7 | E73: Procedural 4 | F73: 5 | G73: procedular_reference_large_035.json | H73: procedular reference large 035 | I73: HARD | J73: 8x8 | K73: 3 | L73: 11 | M73: 23 | N73: OK | O73: Yes | Q73: minigame_locally/levels/procedular_reference_large_035.json | R73: /Users/victoria.serrano/Library/CloudStorage/SynologyDrive-back1/misScripts/minigame_locally/levels/procedular_reference_large_035.json | S73: OVERSIZED
A74: slot | D74: progression_7 | E74: Procedural 4 | F74: 6 | G74: procedular_reference_large_036.json | H74: procedular reference large 036 | I74: HARD | J74: 8x8 | K74: 4 | L74: 11 | M74: 26 | N74: OK | O74: Yes | Q74: minigame_locally/levels/procedular_reference_large_036.json | R74: /Users/victoria.serrano/Library/CloudStorage/SynologyDrive-back1/misScripts/minigame_locally/levels/procedular_reference_large_036.json | S74: OVERSIZED
A75: slot | D75: progression_7 | E75: Procedural 4 | F75: 7 | G75: procedular_reference_large_037.json | H75: procedular reference large 037 | I75: HARD | J75: 8x8 | K75: 3 | L75: 11 | M75: 19 | N75: OK | O75: Yes | Q75: minigame_locally/levels/procedular_reference_large_037.json | R75: /Users/victoria.serrano/Library/CloudStorage/SynologyDrive-back1/misScripts/minigame_locally/levels/procedular_reference_large_037.json | S75: OVERSIZED
A76: slot | D76: progression_7 | E76: Procedural 4 | F76: 8 | G76: procedular_reference_large_038.json | H76: procedular reference large 038 | I76: HARD | J76: 7x7 | K76: 3 | L76: 9 | M76: 14 | N76: OK | O76: Yes | Q76: minigame_locally/levels/procedular_reference_large_038.json | R76: /Users/victoria.serrano/Library/CloudStorage/SynologyDrive-back1/misScripts/minigame_locally/levels/procedular_reference_large_038.json | S76: OK
A77: slot | D77: progression_7 | E77: Procedural 4 | F77: 9 | G77: procedular_reference_large_039.json | H77: procedular reference large 039 | I77: HARD | J77: 7x7 | K77: 4 | L77: 9 | M77: 19 | N77: OK | O77: Yes | Q77: minigame_locally/levels/procedular_reference_large_039.json | R77: /Users/victoria.serrano/Library/CloudStorage/SynologyDrive-back1/misScripts/minigame_locally/levels/procedular_reference_large_039.json | S77: OK
A78: slot | D78: progression_7 | E78: Procedural 4 | F78: 10 | G78: procedular_reference_large_040.json | H78: procedular reference large 040 | I78: HARD | J78: 8x8 | K78: 3 | L78: 11 | M78: 17 | N78: OK | O78: Yes | Q78: minigame_locally/levels/procedular_reference_large_040.json | R78: /Users/victoria.serrano/Library/CloudStorage/SynologyDrive-back1/misScripts/minigame_locally/levels/procedular_reference_large_040.json | S78: OVERSIZED
A79: slot | D79: progression_8 | E79: Procedural 5 | F79: 0 | G79: tutorial_level.json | H79: tutorial | I79: EASY | J79: 6x6 | K79: 3 | L79: 3 | M79: 8 | N79: OK | O79: Yes | P79: Tutorial slot | Q79: minigame_locally/levels/tutorial_level.json | R79: /Users/victoria.serrano/Library/CloudStorage/SynologyDrive-back1/misScripts/minigame_locally/levels/tutorial_level.json | S79: OK
A80: slot | D80: progression_8 | E80: Procedural 5 | F80: 1 | G80: procedular_reference_large_041.json | H80: procedular reference large 041 | I80: HARD | J80: 7x7 | K80: 3 | L80: 9 | M80: 14 | N80: OK | O80: Yes | Q80: minigame_locally/levels/procedular_reference_large_041.json | R80: /Users/victoria.serrano/Library/CloudStorage/SynologyDrive-back1/misScripts/minigame_locally/levels/procedular_reference_large_041.json | S80: OK
A81: slot | D81: progression_8 | E81: Procedural 5 | F81: 2 | G81: procedular_reference_large_042.json | H81: procedular reference large 042 | I81: HARD | J81: 7x7 | K81: 4 | L81: 9 | M81: 19 | N81: OK | O81: Yes | Q81: minigame_locally/levels/procedular_reference_large_042.json | R81: /Users/victoria.serrano/Library/CloudStorage/SynologyDrive-back1/misScripts/minigame_locally/levels/procedular_reference_large_042.json | S81: OK
A82: slot | D82: progression_8 | E82: Procedural 5 | F82: 3 | G82: procedular_reference_large_043.json | H82: procedular reference large 043 | I82: HARD | J82: 8x8 | K82: 3 | L82: 11 | M82: 12 | N82: OK | O82: Yes | Q82: minigame_locally/levels/procedular_reference_large_043.json | R82: /Users/victoria.serrano/Library/CloudStorage/SynologyDrive-back1/misScripts/minigame_locally/levels/procedular_reference_large_043.json | S82: OVERSIZED
A83: slot | D83: progression_8 | E83: Procedural 5 | F83: 4 | G83: procedular_reference_large_044.json | H83: procedular reference large 044 | I83: HARD | J83: 7x7 | K83: 3 | L83: 9 | M83: 3 | N83: OK | O83: Yes | Q83: minigame_locally/levels/procedular_reference_large_044.json | R83: /Users/victoria.serrano/Library/CloudStorage/SynologyDrive-back1/misScripts/minigame_locally/levels/procedular_reference_large_044.json | S83: OK
A84: slot | D84: progression_8 | E84: Procedural 5 | F84: 5 | G84: procedular_reference_large_045.json | H84: procedular reference large 045 | I84: HARD | J84: 7x7 | K84: 4 | L84: 9 | M84: 19 | N84: OK | O84: Yes | Q84: minigame_locally/levels/procedular_reference_large_045.json | R84: /Users/victoria.serrano/Library/CloudStorage/SynologyDrive-back1/misScripts/minigame_locally/levels/procedular_reference_large_045.json | S84: OK
A85: slot | D85: progression_8 | E85: Procedural 5 | F85: 6 | G85: procedular_reference_large_046.json | H85: procedular reference large 046 | I85: HARD | J85: 8x8 | K85: 3 | L85: 11 | M85: 23 | N85: OK | O85: Yes | Q85: minigame_locally/levels/procedular_reference_large_046.json | R85: /Users/victoria.serrano/Library/CloudStorage/SynologyDrive-back1/misScripts/minigame_locally/levels/procedular_reference_large_046.json | S85: OVERSIZED
A86: slot | D86: progression_8 | E86: Procedural 5 | F86: 7 | G86: procedular_reference_large_047.json | H86: procedular reference large 047 | I86: HARD | J86: 8x8 | K86: 3 | L86: 11 | M86: 20 | N86: OK | O86: Yes | Q86: minigame_locally/levels/procedular_reference_large_047.json | R86: /Users/victoria.serrano/Library/CloudStorage/SynologyDrive-back1/misScripts/minigame_locally/levels/procedular_reference_large_047.json | S86: OVERSIZED
A87: slot | D87: progression_8 | E87: Procedural 5 | F87: 8 | G87: procedular_reference_large_048.json | H87: procedular reference large 048 | I87: HARD | J87: 8x8 | K87: 4 | L87: 11 | M87: 26 | N87: OK | O87: Yes | Q87: minigame_locally/levels/procedular_reference_large_048.json | R87: /Users/victoria.serrano/Library/CloudStorage/SynologyDrive-back1/misScripts/minigame_locally/levels/procedular_reference_large_048.json | S87: OVERSIZED
A88: slot | D88: progression_8 | E88: Procedural 5 | F88: 9 | G88: procedular_reference_large_049.json | H88: procedular reference large 049 | I88: HARD | J88: 7x7 | K88: 3 | L88: 9 | M88: 14 | N88: OK | O88: Yes | Q88: minigame_locally/levels/procedular_reference_large_049.json | R88: /Users/victoria.serrano/Library/CloudStorage/SynologyDrive-back1/misScripts/minigame_locally/levels/procedular_reference_large_049.json | S88: OK
A89: slot | D89: progression_8 | E89: Procedural 5 | F89: 10 | G89: procedular_reference_large_050.json | H89: procedular reference large 050 | I89: HARD | J89: 7x7 | K89: 3 | L89: 9 | M89: 13 | N89: OK | O89: Yes | Q89: minigame_locally/levels/procedular_reference_large_050.json | R89: /Users/victoria.serrano/Library/CloudStorage/SynologyDrive-back1/misScripts/minigame_locally/levels/procedular_reference_large_050.json | S89: OK
A90: slot | D90: progression_9 | E90: Procedural 6 | F90: 0 | G90: tutorial_level.json | H90: tutorial | I90: EASY | J90: 6x6 | K90: 3 | L90: 3 | M90: 8 | N90: OK | O90: Yes | P90: Tutorial slot | Q90: minigame_locally/levels/tutorial_level.json | R90: /Users/victoria.serrano/Library/CloudStorage/SynologyDrive-back1/misScripts/minigame_locally/levels/tutorial_level.json | S90: OK
A91: slot | D91: progression_9 | E91: Procedural 6 | F91: 1 | G91: procedular_reference_large_051.json | H91: procedular reference large 051 | I91: HARD | J91: 8x8 | K91: 4 | L91: 11 | M91: 24 | N91: OK | O91: Yes | Q91: minigame_locally/levels/procedular_reference_large_051.json | R91: /Users/victoria.serrano/Library/CloudStorage/SynologyDrive-back1/misScripts/minigame_locally/levels/procedular_reference_large_051.json | S91: OVERSIZED
A92: slot | D92: progression_9 | E92: Procedural 6 | F92: 2 | G92: procedular_reference_large_052.json | H92: procedular reference large 052 | I92: HARD | J92: 7x7 | K92: 3 | L92: 9 | M92: 14 | N92: OK | O92: Yes | Q92: minigame_locally/levels/procedular_reference_large_052.json | R92: /Users/victoria.serrano/Library/CloudStorage/SynologyDrive-back1/misScripts/minigame_locally/levels/procedular_reference_large_052.json | S92: OK
A93: slot | D93: progression_9 | E93: Procedural 6 | F93: 3 | G93: procedular_reference_large_053.json | H93: procedular reference large 053 | I93: HARD | J93: 7x7 | K93: 3 | L93: 9 | M93: 13 | N93: OK | O93: Yes | Q93: minigame_locally/levels/procedular_reference_large_053.json | R93: /Users/victoria.serrano/Library/CloudStorage/SynologyDrive-back1/misScripts/minigame_locally/levels/procedular_reference_large_053.json | S93: OK
A94: slot | D94: progression_9 | E94: Procedural 6 | F94: 4 | G94: procedular_reference_large_054.json | H94: procedular reference large 054 | I94: HARD | J94: 8x8 | K94: 4 | L94: 11 | M94: 19 | N94: OK | O94: Yes | Q94: minigame_locally/levels/procedular_reference_large_054.json | R94: /Users/victoria.serrano/Library/CloudStorage/SynologyDrive-back1/misScripts/minigame_locally/levels/procedular_reference_large_054.json | S94: OVERSIZED
A95: slot | D95: progression_9 | E95: Procedural 6 | F95: 5 | G95: procedular_reference_large_055.json | H95: procedular reference large 055 | I95: HARD | J95: 7x7 | K95: 3 | L95: 9 | M95: 3 | N95: OK | O95: Yes | Q95: minigame_locally/levels/procedular_reference_large_055.json | R95: /Users/victoria.serrano/Library/CloudStorage/SynologyDrive-back1/misScripts/minigame_locally/levels/procedular_reference_large_055.json | S95: OK
A96: slot | D96: progression_9 | E96: Procedural 6 | F96: 6 | G96: procedular_reference_large_056.json | H96: procedular reference large 056 | I96: HARD | J96: 7x7 | K96: 3 | L96: 9 | M96: 13 | N96: OK | O96: Yes | Q96: minigame_locally/levels/procedular_reference_large_056.json | R96: /Users/victoria.serrano/Library/CloudStorage/SynologyDrive-back1/misScripts/minigame_locally/levels/procedular_reference_large_056.json | S96: OK
A97: slot | D97: progression_9 | E97: Procedural 6 | F97: 7 | G97: procedular_reference_large_057.json | H97: procedular reference large 057 | I97: HARD | J97: 8x8 | K97: 4 | L97: 11 | M97: 30 | N97: OK | O97: Yes | Q97: minigame_locally/levels/procedular_reference_large_057.json | R97: /Users/victoria.serrano/Library/CloudStorage/SynologyDrive-back1/misScripts/minigame_locally/levels/procedular_reference_large_057.json | S97: OVERSIZED
A98: slot | D98: progression_9 | E98: Procedural 6 | F98: 8 | G98: procedular_reference_large_058.json | H98: procedular reference large 058 | I98: HARD | J98: 8x8 | K98: 3 | L98: 11 | M98: 20 | N98: OK | O98: Yes | Q98: minigame_locally/levels/procedular_reference_large_058.json | R98: /Users/victoria.serrano/Library/CloudStorage/SynologyDrive-back1/misScripts/minigame_locally/levels/procedular_reference_large_058.json | S98: OVERSIZED
A99: slot | D99: progression_9 | E99: Procedural 6 | F99: 9 | G99: procedular_reference_large_059.json | H99: procedular reference large 059 | I99: HARD | J99: 8x8 | K99: 3 | L99: 11 | M99: 19 | N99: OK | O99: Yes | Q99: minigame_locally/levels/procedular_reference_large_059.json | R99: /Users/victoria.serrano/Library/CloudStorage/SynologyDrive-back1/misScripts/minigame_locally/levels/procedular_reference_large_059.json | S99: OVERSIZED
A100: slot | D100: progression_9 | E100: Procedural 6 | F100: 10 | G100: procedular_reference_large_060.json | H100: procedular reference large 060 | I100: HARD | J100: 7x7 | K100: 4 | L100: 9 | M100: 19 | N100: OK | O100: Yes | Q100: minigame_locally/levels/procedular_reference_large_060.json | R100: /Users/victoria.serrano/Library/CloudStorage/SynologyDrive-back1/misScripts/minigame_locally/levels/procedular_reference_large_060.json | S100: OK
...
